name,prev_node,prev_edge,new_node,new_edge,block
000-1178select-sort,616,1028,673,2260,57
000-12636thread,91,163,107,345,16
000-15547exerc09,260,426,286,946,26
000-29394run34,203,336,216,742,13
000-35499main,52,82,59,186,7
000-6282tester-5,372,610,405,1354,33
000-7470thread,340,620,390,1300,50
001-15285problem7,151,247,169,549,18
001-21665rain,201,331,221,733,20
001-27084p270_sleep2_setjmp,58,102,74,218,16
001-35337questionTwo,239,402,280,880,41
001-960725,105,168,118,378,13
002-1248302mutualExclusionWithSem,235,424,258,894,23
003-15874Tarea41,83,149,93,315,10
003-17973insertion_sort,270,441,297,981,27
003-27583clock,52,91,60,195,8
003-2944556_merge_intervals,793,1351,846,2937,53
003-32982realloc,118,198,132,434,14
003-5730signaldemo1,42,71,53,155,11
003-5965christmas_tree,110,190,126,410,16
004-19423jit-reader-execd,15,21,17,51,2
004-25993val-prof-4,114,178,130,406,16
004-26230player1,192,327,210,711,18
004-27100cmdLine,61,97,68,219,7
004-32098threads,193,320,221,706,28
004-4020test,329,571,372,1229,43
005-14858D3DC,58,92,65,208,7
005-7068echo,118,195,134,431,16
005-8796lis,295,483,321,1073,26
005-9009tt,211,371,236,793,25
005-9841task3,93,145,99,331,6
006-14941mamemaki,235,378,256,848,21
007-14480vla-stub,7,9,9,23,2
007-31877compile-print,7,9,9,23,2
008-28943infcall-input,19,33,24,71,5
008-29214vrp1,94,156,113,344,19
008-30047mythread2,135,227,153,497,18
008-3866tmpnam,67,108,79,242,12
008-4370ReplaceBlank,248,399,271,895,23
009-14187nofield,34,56,37,124,3
009-20916bubble_sort,182,301,200,665,18
009-21072link_list,404,694,460,1502,56
009-2796disasm-end-cu-1,33,50,37,116,4
009-28727mtdm,143,244,171,530,28
009-297486,108,181,121,397,13
009-8719pr11022,38,58,44,134,6
010-25642tst-definitions,18,29,21,65,3
010-27366problem2,74,121,82,269,8
010-2826array,140,257,149,537,9
011-29480py-pp-maint,107,182,115,396,8
012-18959watch-bitfields,352,590,354,1294,2
012-6739qt-faststart,2276,3911,2384,8463,108
012-7113rand18,203,345,231,751,28
013-1096hook-stop,31,50,35,112,4
013-6163bytetostring,292,472,317,1056,25
013-7468pr86714,85,134,100,304,15
013-8067millipede,143,235,162,521,19
014-2796850,308,503,342,1119,34
014-5010test-atomic_store,24,37,26,85,2
015-21469sigchld,32,57,40,121,8
015-22699multiple,74,123,86,271,12
015-22869task_4,58,92,65,208,7
015-22880memory-stress,60,94,67,214,7
015-27833locked_vs_unlocked2,344,679,419,1367,75
015-35357test_tile,48,75,56,171,8
016-10867signal_test,175,335,202,685,27
016-22341mkconv,144,231,158,519,14
016-2341test,86,142,99,314,13
016-33539shell_sort2,271,439,297,981,26
016-34754env2,666,1138,739,2470,73
016-6021localVarsLoop,21,34,26,76,5
017-11584pointers_loop_true_assert,60,95,70,215,10
017-19342task_5,64,99,76,227,12
017-241bitfld-4,50,52,92,152,42
017-32890pth_detached,372,670,439,1414,67
017-4843test7,58,95,70,211,12
018-1674mem,80,127,88,287,8
018-20920py-pp-registration,75,126,81,276,6
019-14152init,11,16,14,38,3
019-27946workbeast,34,51,41,119,7
020-24579del,7,9,9,23,2
021-15858biggest_number_of_array,113,181,126,407,13
021-17632task_2,87,141,94,315,7
021-20657exemple_malloc_1,65,104,75,234,10
021-7166monkey,109,178,122,396,13
022-22876ftrace,48,80,59,176,11
022-33504test_swab,93,173,107,359,14
023-20852disp-step-vfork,88,155,112,331,24
023-30037pe18,219,367,235,805,16
023-32585py-arch,7,9,9,23,2
024-12082week2_day1_maopao,201,338,223,740,22
024-27020threadtest,117,197,140,431,23
024-29015continue-all-already-running,10,15,13,35,3
024-5866extebdsfdf2vfp_test,10,15,13,35,3
025-15913isspace,159,272,184,590,25
025-644gdb_example,109,181,120,399,11
026-32605ex03_40,63,104,73,230,10
027-14045ex7,107,172,119,386,12
027-26190NetBSD_loop,101,167,118,369,17
027-26679finvTable,385,627,412,1397,27
027-28157val-prof-6,48,76,57,172,9
027-28741main,115,197,134,427,19
027-29273ll_cycle,435,831,453,1701,18
027-2954ex13,106,170,118,382,12
027-7716watch-vfork,43,70,54,156,11
028-10344switch-threads,70,119,85,259,15
028-17195main,316,528,357,1160,41
028-18541step-over-vfork,88,155,112,331,24
028-24638pr97695,102,167,123,371,21
028-34626Exercise-2-6,224,356,236,804,12
029-10108gdb1821,12,15,14,39,2
029-17241hilosyvariables2,126,219,149,471,23
029-2070120061031-1,89,134,101,312,12
029-28187pthread_exit,89,149,105,327,16
029-7574realloc,171,279,188,621,17
029-7910dummy_main,7,9,9,23,2
030-23137p073,685,1133,758,2503,73
031-12718select_sort,210,339,230,759,20
031-12859my_test,106,172,118,384,12
031-18745urandom,279,460,314,1018,35
031-22590exemple_argv,67,106,74,240,7
031-6688deep,140,242,171,522,31
032-10353pointer,746,1270,801,2762,55
032-16238reverse,109,171,118,389,9
032-22957manythreads,162,272,185,596,23
033-15392fizzbuz,101,166,119,368,18
033-91201creatingThreads,143,250,165,536,22
034-10339interrupt-noterm,10,15,13,35,3
034-1229crazy-swap,103,161,112,367,9
034-16301breakpoint-in-ro-region,20,45,22,85,2
034-26697qsort,403,658,430,1464,27
034-29908many-types,45,72,56,162,11
034-34485_per,183,306,208,672,25
035-11693memfuck,37,57,45,131,8
035-137141-5,49,74,56,172,7
035-25137pr91190,180,280,202,640,22
035-29328double_to_binary,107,175,126,389,19
035-4268pr91293-1,85,132,96,302,11
036-11431revision1,86,141,98,313,12
036-32323continue,55,90,64,200,9
037-24655bfp-test,16,18,18,50,2
037-29054malloc_perf,40,65,49,145,9
038-11057Peakfinder,528,877,572,1933,44
038-9527pr11022,38,58,44,134,6
039-14676status-stop,33,56,42,122,9
039-153013,130,211,144,471,14
039-17276implref-array,8,10,10,26,2
039-17506argv0-symlink,15,21,17,51,2
039-19041narnia8,113,186,127,412,14
039-4014fp_race,176,317,216,669,40
039-9827main,57,96,66,210,9
040-13264while2,34,57,41,125,7
040-27018thread_test,140,234,158,514,18
040-32272f-29-4-10,171,283,190,625,19
041-11888array_typedef,92,148,104,332,12
041-17240keywords,44,75,50,163,6
041-22551py-breakpoint,90,145,101,325,11
041-25768scm-math,15,21,17,51,2
041-25976bitfld-7,16,20,18,52,2
041-32163pattern_8,58,94,69,210,11
041-4355sumit,50,78,57,178,7
041-6896parse_data,80,128,90,288,10
042-30905interrupt-noterm,10,15,13,35,3
042-31353dga_ramdo,262,434,272,958,10
043-10278newton_raphson,128,212,142,468,14
043-111754741_factorial,345,589,377,1279,32
043-13844task_5,60,97,70,217,10
043-15260006-whilestmt,29,44,34,102,5
043-19775brand,285,469,315,1039,30
043-26859exemple_flush,56,100,68,212,12
043-28598thread_create,214,371,244,799,30
044-16186j014b,7,9,9,23,2
044-19321sum,68,112,79,248,11
044-245260X0073,446,756,485,1648,39
044-26825predcom-6,74,118,84,266,10
044-30873heap_sort,501,817,540,1819,39
044-32477break-reverse,25,46,29,96,4
044-33300pointers,201,352,211,754,10
044-33647chansheng,30,47,37,107,7
045-18778Undefined,76,126,90,278,14
045-2079009,51,83,57,185,6
045-22501j009a,23,35,25,81,2
045-3285hold_lock,201,382,232,784,31
045-365sizeof,158,302,168,618,10
045-7468simple_thread,88,154,101,330,13
046-15023quickSort,258,421,282,937,24
046-29343py-progspace,7,9,9,23,2
046-2960646_permutations,550,942,606,2042,56
046-32742resolve_test,24,48,32,96,8
046-7581prog08b,51,81,58,183,7
047-10569save-bp,32,55,39,119,7
047-10949val-prof-4,114,178,130,406,16
047-23130GopanReps-CAV2006-Fig1a_true-termination,51,83,59,185,8
047-245951098_sequence_ij_4,110,174,124,394,14
047-29636200t,39,63,47,141,8
047-31117filesym,17,27,21,61,4
047-32078ascii2,41,62,48,144,7
047-849main,201,338,225,740,24
047-8651problem_two,125,213,142,463,17
048-10810scm-disasm,7,9,9,23,2
048-13106binary-formats,12,15,14,39,2
048-13514force-parallel-6,191,314,206,696,15
048-22728beginer_1,85,140,99,310,14
048-2342001variousThreadsMain,143,250,165,536,22
048-2415515_dekker_true-unreach-call,97,181,127,375,30
048-33667foll-vfork,111,192,124,414,13
048-34449while,138,224,161,500,23
048-51count_ones,114,195,129,423,15
049-148351064,189,308,214,686,25
049-15810crackme_regex_fsm,185,298,219,668,34
049-25599stack_list,222,398,250,842,28
049-2654121,169,270,184,608,15
049-30249structs3,21,30,23,72,2
050-11220modulo,31,47,37,109,6
050-12051Queue_Linked_List,189,340,217,718,28
050-27876counting-sundays,228,381,251,837,23
050-33543lcs,664,1110,706,2438,42
051-18616ex11,103,166,113,372,10
051-2717403-gdb,47,75,54,169,7
051-31004zadanie3,91,149,105,331,14
051-31560success_006,148,253,188,549,40
052-18297knr_3_1r,250,416,275,916,25
052-4669vla-stub,7,9,9,23,2
053-14432py-block,40,63,44,143,4
053-18642queue_practice,168,306,197,642,29
053-23239ctor1,13,18,16,44,3
053-23623spat,214,355,243,783,29
053-9812day_mon3,57,91,65,205,8
054-34632pure-1,281,517,323,1079,42
054-920705_02-example1,71,112,79,254,8
055-20586reverseString,136,223,147,495,11
055-2142isPall,173,290,203,636,30
055-26206task_3,182,307,209,671,27
055-33745testrand,124,222,143,470,19
055-33891bp-cmds-execution-x-script,54,88,62,196,8
056-12867store_merging_27,102,165,114,369,12
056-1765divcon_sum_serial,229,375,247,833,18
056-18538rerun-prec,15,21,17,51,2
056-18930hook-stop-continue,61,101,68,223,7
057-11576Hello,38,59,44,135,6
057-21542trace-unavailable,42,70,48,154,6
057-28945Namota6,48,76,55,172,7
057-31598fib_rec,94,156,106,344,12
057-4922rw,973,1766,1037,3712,64
057-8220correct,106,173,121,385,15
058-22161branch_preditction,539,928,591,2006,52
058-33847curva,193,321,204,707,11
058-8305strchr,143,244,151,530,8
059-16241pi,139,225,149,503,10
059-21072aq,293,504,316,1090,23
059-30500main,18,27,21,63,3
059-8609data-loc,22,29,24,73,2
059-963test-atomic_load_double,32,47,34,111,2
060-12245reverse_integer,149,250,169,548,20
060-2887problem5,75,122,88,272,13
060-30487condense,243,434,275,920,32
060-34067longrun,26,44,32,96,6
061-21032p12,170,282,191,622,21
062-19820example_problem_1_i2,252,423,273,927,21
062-20408LongestCollatz,219,363,244,801,25
062-22253pxdb,59,96,68,214,9
062-31221hello_world,92,150,109,334,17
062-33201hook-stop,31,50,35,112,4
062-9037ctermid,36,62,42,134,6
062-916consoleArgs,55,87,62,197,7
063-10553example-with-valgrind-01,123,209,142,455,19
063-8173hash,66,106,74,238,8
064-18053133_clone_graph,335,581,368,1251,33
064-25659hello,10,15,13,35,3
064-2814220021219-1,88,138,100,314,12
064-3032paginate-inferior-exit,12,20,16,44,4
064-7696FizzBuzz,80,127,96,287,16
065-10095smallest,213,353,241,779,28
065-2609trace-break,23,39,28,85,5
065-3827ex09_07,126,215,142,467,16
065-657ex5-2,47,77,54,171,7
066-10455dw2-reg-undefined,11,19,15,41,4
066-11533testsort,206,344,229,756,23
066-2531student2,166,288,185,620,19
066-257536,137,228,149,502,12
066-28839test,392,662,436,1446,44
066-33480pr98117,33,53,42,119,9
066-9229maxPrimeDivisor,66,102,75,234,9
067-12159clock_get_test,147,247,167,541,20
067-1732check_2w1r,721,1304,803,2746,82
069-12001prob0021,187,307,211,681,24
069-15772practice_5,180,309,195,669,15
069-21667unpack_binary,397,702,439,1496,42
069-31895disabled-location,9,15,12,33,3
069-392zipper,319,526,349,1164,30
069-6597vectorize,136,225,144,497,8
070-10036HelloWorld,137,230,153,504,16
070-18259pr64957,91,153,105,335,14
070-20158sum_orig,117,191,130,425,13
070-22791recursion,111,180,126,402,15
070-26520ex12_16,314,560,350,1188,36
070-32207task_1,129,204,144,462,15
070-32825array_pointer,261,428,283,950,22
070-55782,76,125,84,277,8
071-13291run-id-pr46758,63,105,76,231,13
071-13357coder,66,115,75,247,9
071-1819function,83,134,97,300,14
071-22095permut,176,290,192,642,16
071-33578dw2-reg-undefined,11,19,15,41,4
071-5557mutex,199,352,226,750,27
072-1840pointer_arithmetic1,55,86,63,196,8
073-23014nsieve-bits,276,451,301,1003,25
073-24578base_algo_quick_sort,393,645,430,1431,37
073-35087vrp2,97,166,116,360,19
073-7196ex14_03,52,82,59,186,7
074-12869email,90,146,105,326,15
074-14042dw2-param-error-main,19,31,23,69,4
074-33235ex11,286,474,313,1046,27
074-33748get_rightmost_one,89,146,99,324,10
075-1255112,250,403,276,903,26
075-16609paginate-inferior-exit,12,20,16,44,4
076-1255execl1,15,21,17,51,2
076-31229thread,124,212,141,460,17
077-18017annota-input-while-running,10,15,13,35,3
077-23530mandel-2,337,588,363,1262,26
077-24730clock,62,104,69,228,7
077-30413demo,108,178,128,394,20
077-31448watchpoint_func_many_probes,51,82,60,184,9
077-8165t-malloc,76,125,88,277,12
077-98887,140,227,161,507,21
078-16331nostdout,19,33,23,71,4
078-23777tick,43,74,52,160,9
078-24829to_upper,194,326,222,714,28
079-12528c_double,195,316,211,706,16
079-14993test,55,87,62,197,7
079-16869bug-235681,297,560,364,1154,67
079-25175py-mi-objfile,7,9,9,23,2
079-28474tst_pxt1,342,565,374,1249,32
079-32013problem-007,122,202,143,446,21
079-8624random,46,72,53,164,7
079-8928ex10,105,168,117,378,12
080-16143slowcat,99,164,116,362,17
080-17205bubblesort,301,496,330,1098,29
081-12423path_sum,725,1285,754,2735,29
081-14885interrupt-noterm,10,15,13,35,3
081-20168primelist,122,201,144,445,22
081-23790interrupt-noterm,10,15,13,35,3
081-24277inprint,80,138,96,298,16
081-32975tree,287,511,311,1085,24
082-10711array1,73,115,83,261,10
082-18781exce7,127,206,144,460,17
082-31406thread-specific-bp,26,45,33,97,7
083-25260gdb1821,12,15,14,39,2
083-4225break-unload-file,11,19,15,41,4
083-5307ashlti3,171,278,191,620,20
083-7620access,203,368,213,774,10
084-2085quick_sort,472,804,509,1748,37
084-34360array_address,82,133,92,297,10
085-13559time_diff7,98,160,112,356,14
085-1753ex04_33,156,257,181,569,25
085-17600graphite-loop-transformation,77,122,87,276,10
085-30147do_while,27,40,32,94,5
086-1349liftoff,77,128,91,282,14
086-17439euler5,76,125,90,277,14
086-1847gentable,382,636,425,1400,43
086-9115list0,94,165,103,353,9
086-9482PiCalculator,102,168,110,372,8
087-14554task_2,74,120,81,268,7
088-11007chello,26,42,31,94,5
088-13105bubbleSort,201,331,222,733,21
088-15797vrp30,78,127,93,283,15
088-1845reverse_number,75,137,83,287,8
088-9316arm-bl-branch-dest,29,45,34,103,5
089-26705fahr,84,129,90,297,6
089-31870tst-setjmp,229,433,270,891,41
090-31154pr83385,106,173,125,385,19
090-3740ex4,313,532,339,1158,26
090-8594test2,210,340,231,760,21
091-10749get_prime_number_v1,102,167,120,371,18
091-20728test1,36,61,45,133,9
091-34390heap,553,960,605,2066,52
091-3858enable-running,84,140,99,308,15
091-4113mi-var-list-children-invalid-grandchild,26,41,28,93,2
092-12111pr97888-1,102,165,117,369,15
092-15583length,50,81,58,181,8
092-2040node_eraser,270,473,296,1013,26
092-33234largest_number,378,653,408,1409,30
092-33390mutex,230,408,263,868,33
092-33399testprogram,191,307,212,689,21
092-6085dynarr-ptr,17,21,19,55,2
092-6137x64ns,11,16,14,38,3
093-15271task_1,119,189,134,427,15
093-1557621,94,149,110,337,16
093-32830fm11,69,108,82,246,13
093-9291Random_ispis,100,162,111,362,11
094-2253ticker,36,58,44,130,8
094-25350rand,53,88,63,194,10
094-3457optproc,93,150,109,336,16
094-7491section-attr-1,117,186,137,420,20
094-7842dw2-undefined-ret-addr,11,19,15,41,4
094-8690argument,169,276,188,614,19
095-25686136,177,282,193,636,16
095-27673lshrti3,171,278,191,620,20
095-32532structs3,21,30,23,72,2
096-23589test,53,83,63,189,10
096-30172ejercicioenclase3,120,197,128,437,8
096-32406signal,119,205,144,443,25
097-11523reverse_bits,127,206,136,460,9
097-13617big_blocks_freed_list,225,389,253,839,28
097-16235tst-fileno,98,160,107,356,9
097-3153501-only-intervals,41,62,47,144,6
097-6208p14,118,190,133,426,15
097-8528Exercise7-09,76,120,89,272,13
098-15981fact_async,168,285,187,621,19
098-20627info_minsym,20,32,23,72,3
098-22616list1207,326,562,353,1214,27
098-33030mi-var-create-rtti,13,19,15,45,2
098-33307q34,25,43,28,93,3
098-5416eg0408,32,52,39,116,7
099-12180self_invalidate,7,9,9,23,2
099-15145tststack,114,206,133,434,19
099-16423problem1,65,105,75,235,10
099-35012pr90131,124,199,143,447,19
100-23843guia-wagstaff,181,299,209,661,28
100-26340knr_5_4,155,271,174,581,19
100-28964123_best_time_stock_III,434,703,469,1571,35
100-7954continue-pending-after-query,33,55,40,121,7
101-103fabsnegative,32,49,38,113,6
101-10836Ch8p390pe4,161,265,178,587,17
101-14001order_pizza,169,273,191,611,22
101-28378014,116,185,131,417,15
101-4102sandbox_invoke_args,70,112,77,252,7
101-7460trace-buffer-size,9,15,12,33,3
102-19803aalokran,102,182,107,386,5
102-29093LeetCode0007,84,133,96,301,12
102-306507c,265,429,286,959,21
102-30827singleNum137,157,260,176,574,19
102-5437ia32_rdtsc_clock,152,257,163,561,11
103-14956arrayidx,10,12,12,32,2
103-17282annota-input-while-running,10,15,13,35,3
103-18766main,691,1265,740,2647,49
103-25177execinfo,87,149,99,323,12
103-29882random,94,149,107,337,13
103-30968strtoul,108,180,117,396,9
104-3028timetest,78,126,93,282,15
104-35133matrix,743,1258,785,2744,42
104-9732alarm,51,88,62,190,11
105-12745mi-reg-undefined,11,19,15,41,4
105-30329mandelbrot,247,404,267,898,20
105-30865reverse_list,217,370,241,804,24
105-4320pr97459-5,22157,36313,23107,80627,950
106-1204pe10,135,219,154,489,19
106-5356nostdin,19,33,23,71,4
108-14480matriu4x4_original,387,646,432,1420,45
108-30868manythreads,156,261,178,573,22
108-696backspace,96,158,113,350,17
108-712712,174,293,194,641,20
108-8723helloworld,33,61,36,127,3
109-25865double,446,755,503,1647,57
109-5313randomkey,632,1061,699,2325,67
109-6537patch-functions-8,44,72,51,160,7
109-9410double-prompt-target-event-error,10,15,13,35,3
110-14743fir,274,442,291,990,17
110-15771robber,266,444,292,976,26
110-18700crc16,1295,2145,1390,4735,95
110-28140exemple_getopt,133,217,151,483,18
110-31026ex10,126,202,137,454,11
110-4422fizzbuzz,91,151,109,333,18
110-885start,23,39,27,85,4
111-10727lftocr,145,233,168,523,23
111-20466p3,166,268,191,600,25
111-31187watchpoint-multi,65,108,79,238,14
112-17224philosopher_simple,219,389,244,827,25
112-19691ex5,147,235,156,529,9
112-20950test-getsubopt,88,149,95,325,7
112-2598sigaction,80,141,96,301,16
112-26749sum_of_multiples_of_3_5,120,195,129,435,9
112-31992ASCII,56,87,63,199,7
112-32621bin2bf,259,450,297,968,38
112-50691-4,255,444,284,954,29
112-5269multiples,73,117,83,263,10
112-9710rm,94,158,108,346,14
113-26902condbreak-call-false,9,17,14,35,5
113-769interrupt-noterm,10,15,13,35,3
114-20038PRESENT,867,1545,920,3279,53
115-14021nanosleep,42,70,49,154,7
115-21676dw2-ifort-parameter,9,14,12,32,3
115-30283pr71854,128,197,146,453,18
115-4001enable,7,9,9,23,2
115-4775benchmark,57,92,65,206,8
116-1753wc,705,1197,779,2607,74
116-31734for+init,35,55,41,125,6
116-33238slash_r,33,52,40,118,7
116-9633prime-sieve,202,325,227,729,25
117-1334basic,77,124,89,278,12
117-15131teste_vetor,99,164,115,362,16
117-26679euler4,149,242,172,540,23
117-28650cache_locality_2d_array_test,390,658,433,1438,43
117-4062thread_test,155,310,181,620,26
118-13217190_reverse_bits,71,118,80,260,9
118-21689step-line,142,248,151,532,9
118-22819sum_cols_and_rows,276,463,311,1015,35
118-34818Factorial,73,132,84,278,11
118-6729tls-var-main,9,14,12,32,3
119-1370q_4_2,92,149,103,333,11
119-18935buffer,35,57,43,127,8
119-22198setvbuf,63,105,73,231,10
120-15013test_stdout_size,47,78,57,172,10
120-227393,121,194,138,436,17
120-31197IFS,307,539,330,1153,23
120-5452ex10,107,172,119,386,12
121-13459pi,165,267,176,597,11
121-16100pthread_return_values,105,176,116,386,11
121-17894exemple_calloc_2,66,105,76,237,10
121-32740dummy-frame-restore,12,21,17,45,5
121-34150scandir,125,210,146,460,21
122-14235gdb11479,82,139,90,303,8
122-19861skip-prologue,58,94,63,210,5
122-9083problem_9,165,271,185,601,20
123-28487bbcl,641,1097,717,2379,76
123-29751dw2-undefined-ret-addr,11,19,15,41,4
123-8196pr47337,365,611,407,1341,42
124-215472217745,114,190,126,418,12
124-24511bounded_notify,226,419,259,871,33
124-7426task_1,127,213,142,467,15
126-13497problem14,147,245,163,539,16
126-20903l3,74,121,82,269,8
126-26703sleep-test,53,102,58,208,5
126-30960for,35,56,42,126,7
126-6073pr65053-2,66,111,78,243,12
127-18355main,173,286,185,632,12
127-23167scm-objfile,10,15,12,35,2
128-1151083_remove_duplicates_from_sorted_list,327,560,358,1214,31
128-1243expCloneSpin,47,81,59,175,12
128-14100ftrace,48,80,59,176,11
128-19180getoptlong,161,257,180,579,19
128-31567test047,42,63,51,147,9
128-3246p14,123,197,138,443,15
129-11278exo3,423,709,459,1555,36
129-11343display,115,192,131,422,16
129-31934exce14,167,272,181,606,14
129-6068longest_collatz_sequence,214,353,250,781,36
130-12273ex11,91,147,101,329,10
130-17355hand-call-new-thread,54,90,68,198,14
130-25727thread,15,24,18,54,3
130-27429overflow_truncate,62,99,69,223,7
130-6710010,134,215,150,483,16
131-179037colors,123,203,139,449,16
131-22638qt-faststart,2276,3911,2384,8463,108
131-24721mktest,398,659,453,1455,55
132-10792maxsublen,114,191,126,419,12
132-11851gdb-sample2,169,301,202,639,33
132-1440compile-print,7,9,9,23,2
132-19319HowMuch,266,465,302,997,36
132-7619magic_square,1506,2478,1632,5490,126
132-7951bitcount,84,139,97,307,13
132-8757prime,114,189,134,417,20
133-32003tst-fileno,98,160,107,356,9
134-19140test_wctype,1091,1936,1183,4118,92
134-28075destroy_while_yielded,87,148,102,322,15
134-31000trace-unavailable,42,70,48,154,6
134-31079memory_allocation,96,162,113,354,17
135-13575Upcase,113,181,125,407,12
135-33554marriage,151,263,166,565,15
135-35398qtro,12,20,17,44,5
135-3737dprintf-non-stop,13,24,17,50,4
135-7363segoddandeven,242,390,267,874,25
136-11015tst-environ,322,636,373,1280,51
136-16423hz,287,479,327,1053,40
136-24694atoi,303,496,347,1102,44
136-32312getopt,71,112,81,254,10
137-11867for,54,90,63,198,9
137-15572annota-input-while-running,10,15,13,35,3
137-29445rand104,490,834,544,1814,54
137-9573test_wcfuncs,278,490,314,1046,36
138-21420ex5-3,59,95,66,213,7
139-16160printf,88,146,96,322,8
139-16762test,50,81,57,181,7
139-22327CommonNode,234,417,250,885,16
139-22467min_element_sol,109,176,121,394,12
139-5525linked-list,822,1482,891,3126,69
140-19759getopt,82,130,96,294,14
140-23332printenv,86,134,95,306,9
140-24028string_test,272,552,287,1096,15
140-24320watchpoint-app,89,158,99,336,10
140-31663test_ctype,986,1732,1074,3704,88
140-3879t04,70,120,81,260,11
141-16989fizzbuzz,72,115,88,259,16
141-262444-13_recursive-reverse,154,270,166,578,12
141-29763qsort,339,554,371,1232,32
141-33352rrmdir,261,435,297,957,36
142-24177ascii1,36,57,43,129,7
142-27709main,103,169,114,375,11
142-4672merhaba50,32,51,38,115,6
143-11446malloc,37,64,43,138,6
143-34617signal,77,133,96,287,19
143-6050reverse_number,143,244,164,530,21
144-10577task_4,46,73,52,165,6
144-1293692_reverse_linked_list,191,316,210,698,19
144-14900problem_005,125,203,141,453,16
144-20927py-type,59,97,64,215,5
144-22561exemple_environ,58,91,65,207,7
144-28595isalpha,95,155,106,345,11
144-4458dowhile,115,204,133,434,18
144-4942function-pointer,126,202,139,454,13
145-19110producer_consumer,125,250,156,500,31
145-26413prime2,151,242,174,544,23
145-3992test9,89,148,105,326,16
145-8071step-break,32,52,37,116,5
146-10968randomInput,33,54,41,120,8
146-18307fission-base,20,31,24,71,4
146-28170right-rotate,286,480,310,1052,24
146-40struct3,173,320,183,666,10
146-4377sym,166,277,182,609,16
146-6089getopt_long,91,149,98,331,7
147-16226while3,35,57,42,127,7
147-23000py-progspace,7,9,9,23,2
147-5839test-fill-syslog,41,68,50,150,9
147-8787double-prompt-target-event-error,10,15,13,35,3
148-32078quick_sort,526,874,574,1926,48
149-1294vararg1,23,34,26,80,3
149-16776friend,109,184,120,402,11
149-19202punteros2,88,145,99,321,11
150-15628random,70,117,82,257,12
150-19608py-objfile-script,42,69,46,153,4
150-22188bg-execution-repeat,13,24,17,50,4
150-23350task_3,158,279,175,595,17
150-24147pr68250,214,347,247,775,33
150-2545id-7,54,83,61,191,7
150-34447mutex_solution,136,237,160,509,24
151-10629fibonacci,79,126,88,284,9
151-1065513_roman_to_integer,176,289,200,641,24
151-1596funccalls,100,161,113,361,13
151-17972server,15,21,17,51,2
151-29222gdb1821,12,15,14,39,2
151-5515play_nice,118,212,137,448,19
151-809299full,69,116,80,254,11
152-13608compile-setjmp,7,9,9,23,2
152-26431py-symbol,49,79,54,177,5
152-27420telefone,104,164,117,372,13
152-28934euler4,148,243,166,539,18
152-35022BubbleSortOptimizing,234,391,260,859,26
153-13182petle-2,42,67,51,151,9
153-18211basic,258,450,285,966,27
153-652solve,455,774,496,1684,41
154-100542017-03-01-Aufgabe2,207,345,226,759,19
154-32987bubble_sort_v3,197,326,217,720,20
154-50602007-03-05-DataLayout,73,116,79,262,6
155-8394task_4,46,74,53,166,7
156-12686main,153,257,174,563,21
156-1817tmpname,47,76,55,170,8
156-27127hilos,134,218,151,486,17
156-3160bug-regex27,136,239,151,511,15
156-7398hilos_join,142,247,166,531,24
157-10555break-reverse,25,46,29,96,4
157-13872pr81573,54,81,63,189,9
157-23116example_02,155,284,181,594,26
157-28022pr61839_1,88,149,99,325,11
157-5749lictool,356,602,397,1314,41
158-18444check-lc_ctype,19,28,22,66,3
158-24742CharacterConstant,79,136,87,294,8
158-27124multiply,257,444,274,958,17
158-6935watchpoint-delete,26,44,29,96,3
159-1247testcolors,43,69,50,155,7
159-18697rand7,138,231,159,507,21
159-20570hash_soln,1129,1960,1211,4218,82
159-25362py-value,137,222,145,496,8
160-19396search,219,392,244,830,25
160-22052malo,111,186,128,408,17
160-22440fig06_05,80,129,91,289,11
160-84632017-02-10-Kopfgesteuerte-While-Schleife-3,57,92,64,206,7
161-11143execl1,15,21,17,51,2
161-15802day03,898,1523,969,3319,71
161-22747simple,15,21,18,51,3
161-26401pthread,76,150,94,302,18
161-3857strncpy,171,287,185,629,14
162-10368lab05,387,656,420,1430,33
162-25371waitprobe,41,70,50,152,9
162-29900term,7,9,9,23,2
162-3663point6,110,189,120,409,10
163-14816task_1,91,145,106,327,15
163-2096sigIgn,56,96,66,208,10
163-23572ex2,63,103,72,229,9
163-25833problem_twelve,122,196,137,440,15
163-31466dw2-case-insensitive,11,19,15,41,4
163-31548strcpy-2,83,137,96,303,13
163-34477q4,239,396,267,874,28
163-4110euler5,386,652,432,1424,46
163-6215randomPhoneNumber,139,228,155,506,16
164-10276switch-case-1,116,203,135,435,19
164-23727pointers_and_compound_literals,80,136,87,296,7
164-24613euler,93,148,105,334,12
164-30412sleep,15,25,19,55,4
164-9034vector-subscript-2,236,421,266,893,30
165-32200for_none,43,66,49,152,6
165-3605memtest,204,354,224,762,20
166-1816unknown_functions,17,32,22,66,5
166-2034t1,184,322,207,690,23
166-22145nim,187,308,206,682,19
167-17823reverse_number,243,412,261,898,18
167-28025memory_allocation,96,162,113,354,17
168-21113fnsplit-1,56,90,67,202,11
168-25017gentbl,373,638,424,1384,51
168-9630tst-random2,139,241,161,519,22
169-25663loop-12,62,100,72,224,10
169-26047test-asm-nop,8,10,10,26,2
169-35020ex07,100,161,115,361,15
169-6354test,250,431,277,931,27
169-9136hfc_for_loop,55,92,65,202,10
170-15898p12,131,210,148,472,17
170-1696grup3,41,67,47,149,6
170-18272vdso-warning,7,9,9,23,2
170-2707310-float,100,165,117,365,17
170-33980pr39339,334,588,350,1256,16
171-12549thread_02_withmutex,158,302,185,618,27
171-172exercise_3-3_expand,153,247,172,553,19
171-20700p5,71,111,85,253,14
171-26597starsrch,120,195,131,435,11
171-32038p404,316,523,335,1155,19
172-10241reverse_number,85,143,93,313,8
172-21097pi_integration_serial,137,222,145,496,8
172-5462hello,122,196,138,440,16
172-9368watch-non-mem,23,39,25,85,2
173-10217pile_liste_chainee,192,325,212,709,20
173-167312a,80,130,93,290,13
173-20523rw,973,1766,1037,3712,64
173-24459rand10,347,593,383,1287,36
173-5894p3e1,126,213,135,465,9
174-17494getusershell,25,41,32,91,7
174-30304thread_base,119,199,133,437,14
174-9757ex14,204,339,227,747,23
175-26983insert_sort,229,370,255,828,26
175-30089rand69,202,345,230,749,28
176-19143tab,112,183,127,407,15
176-2396470_climbing_stair,156,257,174,569,18
176-25465fib,81,129,91,291,10
176-34268py-mi-events,26,40,31,92,5
176-6732matrix_soln,532,897,576,1961,44
177-3105converse1,102,165,113,369,11
177-34275task_4,46,74,53,166,7
177-6116sample,334,542,369,1210,35
178-21315task_2_v2,62,98,69,222,7
178-27654struct_code,3,3,5,9,2
179-13715ls-errs,17,27,21,61,4
179-2071implref-struct,8,10,10,26,2
179-22451program_10_13,90,152,100,332,10
179-28343ashrti3,180,292,200,652,20
179-29385pr61375,103,166,111,372,8
179-34725PrimeSum,128,212,148,468,20
180-12269testeGrafo,302,497,340,1101,38
180-15104pthread_detach,75,130,89,280,14
180-32191ex13,153,246,165,552,12
180-349384-12,180,303,201,663,21
180-351231087,41,64,48,146,7
181-15257pack-test,74,116,81,264,7
181-19009annota-input-while-running,10,15,13,35,3
181-27080cond-eval-mode,56,94,67,206,11
181-28264task_4,52,84,59,188,7
181-28878check_cooc,88,147,101,323,13
181-31145bsd_signal,78,131,97,287,19
181-6389primes,60,98,73,218,13
182-1593430,129,211,141,469,12
182-26410cutrod,159,262,175,580,16
182-3173714-enums-large,96,153,113,345,17
183-11129compara,79,129,91,287,12
183-17908flops-4,413,652,420,1478,7
183-18644thread_leak2,40,67,50,147,10
183-21040bg-execution-repeat,13,24,17,50,4
183-25695string,475,839,525,1789,50
183-7535p5_imp,91,142,106,324,15
183-753624-update_suite,25,37,31,87,6
184-26083pe4,170,280,193,620,23
185-16371Zada4aNo2,74,122,80,270,6
185-16961cohencu,69,112,74,250,5
185-21782testeDeCasoEspecial,69,106,80,244,11
185-30297progbar,237,397,263,871,26
186-11448000F_perf_001,105,168,116,378,11
186-14933hello-world,83,134,90,300,7
186-24756dw2-bad-mips-linkage-name,20,30,26,70,6
186-28038sepsymtab,19,27,21,65,2
186-294897-01sigmask,78,144,92,300,14
187-1239p39,193,312,216,698,23
187-13269exercise16,97,158,103,352,6
187-15537task_4,47,74,54,168,7
187-18084strspn,120,193,133,433,13
187-26512pr23386,84,134,99,302,15
187-4745testbed,261,450,290,972,29
187-9432continue-all-already-running,10,15,13,35,3
187-9759th,95,165,117,355,22
188-4550sss-bp-on-user-bp-2,13,18,18,44,5
188-7878structs,72,123,78,267,6
189-12218Exercise_1_8,68,112,76,248,8
189-22730exemple_mutex,135,228,156,498,21
189-24700main,220,365,241,805,21
189-6703prob0012,237,389,268,863,31
190-33379024,374,604,409,1352,35
190-4874ex6,108,186,127,402,19
191-17101hook-stop-frame,20,32,24,72,4
191-18588random,115,190,125,420,10
191-1928system,97,157,105,351,8
191-29724q06,108,180,124,396,16
191-31545ex12,229,376,253,834,24
191-33601amd64-entry-value-inline,98,160,108,356,10
191-35133test_simple_big_sqrt,126,210,138,462,12
191-7048utmp,62,101,71,225,9
192-10002py-objfile-script,42,69,46,153,4
192-11574mem_set,38,62,45,138,7
192-1700pi_serial,99,158,106,356,7
192-19955show_bytes,126,214,142,466,16
192-2179QuickRename,542,918,604,2002,62
192-22604zad1,205,360,231,770,26
192-24464malloc1,78,129,87,285,9
192-32159ho_memchr,88,142,100,318,12
192-35443py-value,132,215,140,479,8
193-15762trim,135,215,150,485,15
193-23996dos2mac,183,305,211,671,28
193-25546heap,186,313,211,685,25
193-9112MaiorDivisor,119,197,132,435,13
194-11630task_4,51,83,57,185,6
194-25122逆序交换,115,184,126,414,11
194-34049loop,41,64,48,146,7
194-3902bg-execution-repeat,13,24,17,50,4
194-6588largestSumContiguousSubarray,137,228,155,502,18
195-15137prob21,136,224,154,496,18
195-26584fibonacci,246,412,266,904,20
195-2756vrp90,78,123,92,279,14
195-30463rerun-prec,15,21,17,51,2
195-3921test_tableau,164,272,178,600,14
196-3484qtro,12,20,17,44,5
196-47432-10,220,356,244,796,24
196-9332term,7,9,9,23,2
197-21858bucket_brigade_silly_loop,196,332,218,724,22
197-22244task_2,73,120,80,266,7
197-23022Pyramid3,58,95,69,211,11
197-26978cursal,15,25,19,55,4
197-3321612_数组中元素的倒置,109,175,121,393,12
198-11580gdb11479,82,139,90,303,8
198-15464print,29,46,35,104,6
198-28218enable-running,84,140,99,308,15
198-32181pr68532,121,190,136,432,15
198-5510qtro,12,20,17,44,5
198-6902_8,195,318,214,708,19
199-106591_3,1330,2226,1464,4886,134
199-1286thdm,207,350,241,764,34
199-23881dynarr-ptr,17,21,19,55,2
199-28780semaphore_lock,307,561,339,1175,32
199-33056write,161,294,176,616,15
200-11788epsilon,46,74,53,166,7
200-25657str_lower_case,241,422,263,904,22
200-26625QuadraticPrimes,236,389,268,861,32
200-268744b,191,328,207,710,16
200-27710euc,1223,2166,1353,4612,130
200-28412pr28982b,1069,1680,1094,3818,25
200-28447problem-023,219,362,248,800,29
200-8480dw2-undefined-ret-addr,11,19,15,41,4
200-8496normal,15,21,17,51,2
201-12695frame-args,68,112,73,248,5
201-19057Natural,101,169,115,371,14
201-24429exercise2_7,99,165,115,363,16
202-151647,232,379,259,843,27
202-8314step-break,32,52,37,116,5
203-22133dlugosc,87,152,96,326,9
203-27037enum2,42,64,49,148,7
203-34517watchpoints,51,83,57,185,6
204-13924tst-strptime2,128,215,145,471,17
204-16513pr81571,70,114,80,254,10
204-16834restrict,99,165,111,363,12
204-173128-Operators-other-plus-calls-types,61,104,67,226,6
205-10802ex04_27,274,442,300,990,26
205-33289Dane,63,107,75,233,12
205-4916001,105,172,124,382,19
206-16892atoi,120,193,132,433,12
206-17152arf,165,270,181,600,16
206-28020knr_3_5,300,492,320,1092,20
206-297tree_2x2,1026,1710,1088,3762,62
206-3603arg_thread,124,215,139,463,15
207-16091palindrome,276,463,304,1015,28
207-29425test-builtin-supports,28,39,30,95,2
207-6361task_1,131,225,146,487,15
207-7027unix2dos,479,808,533,1766,54
208-10167argv,91,141,102,323,11
208-13024str_upper_case,241,422,263,904,22
208-15157pr11022,38,58,44,134,6
208-16904exce4,121,198,133,440,12
208-24427191_number_of_1_bits,73,122,84,268,11
208-2982320020402-3,279,474,296,1032,17
208-33239Exercise-1-3,77,120,83,274,6
209-14052fiotemplate,42,69,50,153,8
209-14911powerOf,469,798,527,1736,58
209-3688time_diff6,95,154,108,344,13
210-11266quick,356,582,392,1294,36
210-24961isprime,70,114,82,254,12
210-295655-3,110,179,122,399,12
210-6564gcore-buffer-overflow,7,9,9,23,2
210-6578qt-faststart,2276,3911,2384,8463,108
211-10044test_wctype,1091,1936,1183,4118,92
211-13538binary_search_tree,449,808,495,1706,46
211-16219pthread2,85,146,102,316,17
211-21922program1,105,171,121,381,16
211-27434pr64536,207,347,229,761,22
211-60481040,159,258,183,576,24
212-16827for2+init,65,105,79,235,14
212-23245printf_format_columns,93,145,100,331,7
212-28059puzzle,471,771,513,1713,42
212-45annota-input-while-running,10,15,13,35,3
212-6960linklist,408,698,450,1514,42
213-16016RecursiveIntersection,322,570,351,1214,29
213-24434bubbleSort,76,121,87,273,11
213-26565dw2-dup-frame,11,19,15,41,4
213-6434dprintf-non-stop,13,24,17,50,4
214-1145320080122-1,194,312,204,700,10
214-29055filaApontador,243,417,271,903,28
214-30679paginate-after-ctrl-c-running,10,15,13,35,3
214-3322reverse_number,132,218,148,482,16
214-5384cond-eval-mode,56,94,67,206,11
214-5615actions-changed,95,178,103,368,8
214-7232p014,137,220,156,494,19
215-17687continue-all-already-running,10,15,13,35,3
215-2077box5,142,236,157,520,15
215-29695sample1,122,203,144,447,22
216-21649mk-lba-img,333,563,377,1229,44
216-445pgm8-4,62,103,71,227,9
216-5214structs,270,442,318,982,48
217-17421PreorderTraversal,278,471,308,1027,30
218-14701rand93,331,567,367,1229,36
218-14785bug-regex23,31,51,37,113,6
218-24759prime,134,220,153,488,19
218-34843nofield,34,56,37,124,3
218-8070arecibo,427,719,475,1573,48
219-27892negdf2vfp_test,10,15,13,35,3
219-4263ex8-5,40,67,46,147,6
220-22553Accumulate2,74,120,84,268,10
220-2465pointer,70,113,79,253,9
220-3876val-profiler-threads-1,181,288,205,650,24
220-9546merge_block,67,106,80,240,13
221-27221modular_exponential,118,189,128,425,10
221-30719test,221,365,236,807,15
221-4571sumarray,160,258,178,578,18
221-4976watchpoints,51,83,57,185,6
221-5741demo1,84,139,95,307,11
222-1714TriangleNum,151,250,171,552,20
222-17864fwrite_1,75,122,88,272,13
222-6101double-prompt-target-event-error,10,15,13,35,3
223-23617floatunssisfvfp_test,10,15,13,35,3
223-31978pr94734,300,517,343,1117,43
223-32251test-ctype,446,748,472,1640,26
223-33519ret_thread,136,235,154,507,18
223-736sigPrint,64,111,77,239,13
224-12935variant,41,60,47,142,6
224-20776lfsr128,257,432,280,946,23
224-6279list,551,962,595,2064,44
225-1069for_2,36,58,44,130,8
225-15006find_track_oo,120,199,138,439,18
225-18582sigdemo1,50,83,62,183,12
225-33873rand100,202,345,230,749,28
225-697pr77988,77,124,93,278,16
226-11700test_file,71,114,82,256,11
226-12269vla-ptr,122,200,136,444,14
226-13334game31,232,393,248,857,16
226-14547power_digit_sum,369,609,418,1347,49
226-15616mi-stepn,29,46,36,104,7
226-27868mv,124,210,142,458,18
226-31115binary_search,268,441,300,977,32
227-17609test_perfect_hash,424,707,478,1555,54
227-19237thresholds,61,114,72,236,11
227-28565gst-play-vr,15,21,17,51,2
227-30462p1,200,323,224,723,24
227-35208gdb1090,40,66,46,146,6
228-31542testCEx,303,523,340,1129,37
228-33163maybe_hug,121,218,137,460,16
228-4779test-term-5,103,165,111,371,8
229-15904p3,466,770,497,1702,31
229-21322euler4,184,302,206,670,22
229-5381point-size,49,84,60,182,11
230-27625solution_1,94,154,109,342,15
230-28646reverse_string,172,286,191,630,19
230-28733pr68376-1,82,135,99,299,17
230-5234test049,25,36,30,86,5
230-5892test_free,115,195,129,425,14
230-8038hw1,149,246,167,544,18
231-19156big5,302,500,344,1104,42
231-35339printenv,43,66,49,152,6
231-6843rev_k_node,237,415,257,889,20
232-1887HeapPointer,116,193,131,425,15
232-23481wrapper,15,24,19,54,4
232-23868ascii,94,146,107,334,13
232-29394rwlock,78,132,93,288,15
232-31619dw2-inline-param-main,16,20,18,52,2
232-5707ho_strncat,157,268,173,582,16
232-6927malloc_hook,109,188,122,406,13
232-9412unknown_functions,17,32,22,66,5
233-17419evenfib,71,117,79,259,8
233-21478trace-break,23,39,28,85,5
233-7853benchmark_loop,53,85,62,191,9
234-24632rand22,323,552,359,1198,36
234-25058unknown_functions,17,32,22,66,5
234-27088bench,1590,2708,1749,5888,159
234-3021trimzero,150,260,160,560,10
234-30273watchpoint-multi,65,108,79,238,14
234-5533paginate-after-ctrl-c-running,10,15,13,35,3
234-7071mkkbdtbls,327,569,366,1223,39
235-16000optimise1,38,59,46,135,8
235-292exemple_clock,182,307,210,671,28
235-30129002,82,133,90,297,8
235-778step-break,32,52,37,116,5
236-10004shellsort,334,542,369,1210,35
236-21318section-attr-2,107,174,127,388,20
236-3034fib,93,155,107,341,14
236-32770largest_prime_factor,224,377,247,825,23
236-5750SquareDigitChain,147,245,169,539,22
237-16682manythreads,162,272,185,596,23
237-20546Matrix_Multiplication,248,415,274,911,26
237-38Problem_23,306,505,340,1117,34
237-5788Sequence,47,71,55,165,8
238-1117flatten,397,760,419,1554,22
238-3489310,135,220,155,490,20
238-57253,283,478,313,1044,30
238-7551exce5a,153,244,170,550,17
239-14204struct_init,16,24,19,56,3
239-14369aspace,33,55,37,121,4
239-28913pr98474,74,120,84,268,10
239-30806pr65053-1,63,108,76,234,13
240-16214test-fmemopen,45,79,55,169,10
240-19435hw54,165,270,184,600,19
240-4693dw2-bad-unresolved,7,9,9,23,2
240-791020041219-1,86,147,99,319,13
241-21110p67,45,73,51,163,6
241-22999student2,53,90,56,196,3
242-13979main,166,263,186,595,20
242-16051reverse_number,66,112,74,244,8
242-29518bitfld-4,50,52,92,152,42
242-30627atoi,72,119,81,263,9
242-35318weird_coding_style_1,33,52,40,118,7
242-6520sss-bp-on-user-bp,15,23,17,53,2
243-33252paginate-inferior-exit,12,20,16,44,4
243-8539list1,121,215,132,457,11
244-12236urlify,409,664,442,1482,33
244-15100pthread,80,138,94,298,14
244-1795return,82,141,95,305,13
244-2813infcall-input,19,33,24,71,5
244-3752handler,45,76,56,166,11
244-5387冒泡排序,217,354,241,788,24
244-7442hello,10,15,13,35,3
244-794sample_sum_prime_numbers,205,348,237,758,32
245-10337217_contain_dup,127,205,144,459,17
245-19113break,46,72,55,164,9
245-28302day_mon1,101,165,113,367,12
245-319undefined,93,151,103,337,10
245-32182mkNamedPrims,105,173,116,383,11
245-4781void__float,119,194,131,432,12
246-6000cacheExperiment,100,159,114,359,14
246-7854warn-missing-prototypes,65,104,83,234,18
246-8116sepdebug2,7,9,9,23,2
246-8407break_continue,170,290,201,630,31
247-20899a2,143,233,158,519,15
247-2620bug,38,56,44,132,6
247-31043testenv,99,160,109,358,10
247-35239limits,52,83,55,187,3
248-13749linked_list,104,171,115,379,11
248-1906loop-ivopts-1,156,245,168,557,12
248-32978SrotTheInnerCtonnetInDsinnieedcgOredr,448,781,487,1677,39
248-34377condvar,51,100,66,202,15
249-34196test-fwrite,175,321,204,671,29
249-5128tick,39,66,48,144,9
249-5257gdb11479,82,139,90,303,8
250-11761signest,65,110,75,240,10
250-27179reverse_string,471,833,519,1775,48
251-16988squeeze,215,351,236,781,21
251-25291xor,262,447,294,971,32
251-26765amd64-tailcall-reverse,17,28,21,62,4
251-27460main_dummy,78,158,87,314,9
251-33037030,115,186,130,416,15
252-10421test1,124,209,142,457,18
252-1966exemple_gethostent,41,72,50,154,9
253-1006e5,87,133,104,307,17
253-10788Performance2,180,312,197,672,17
253-34286test-fwrite,175,321,204,671,29
253-662code_elim1,16,24,19,56,3
253-735py-strfns,29,49,35,107,6
253-9316paginate-inferior-exit,12,20,16,44,4
254-18141iterator,73,117,82,263,9
254-27187args,78,127,86,283,8
254-4346skip-prologue,58,94,63,210,5
254-5743sizeof,87,136,95,310,8
254-9226exemple_getprotoent,41,72,50,154,9
255-10765pr44715,635,1271,780,2541,145
255-20634linked_list1,114,197,126,425,12
255-24634task1,36,57,43,129,7
255-322341-8-arguments,52,81,60,185,8
255-6658ex12,88,144,102,320,14
255-8775pointer_linklist,676,1167,750,2519,74
256-31658meteor,3941,6684,4275,14566,334
256-32455ex05_20,74,122,87,270,13
257-12687BST_height_depth_of_node,793,1416,882,3002,89
257-13192ex3,115,202,129,432,14
257-3275utf8,310,507,346,1127,36
258-16270misaligned-words,89,141,97,319,8
259-16244sepsymtab,19,27,21,65,2
260-10897while2,58,90,69,206,11
260-11248step-resume-infcall,22,41,26,85,4
260-11765majority-element,407,658,439,1472,32
260-26387printf_examples,54,85,61,193,7
260-2810pr88693,120,222,141,462,21
260-28473workbeast2,59,97,67,215,8
260-29896hamming1,373,614,409,1360,36
260-3151program2,229,409,251,867,22
260-3255mem_errors,129,229,137,487,8
260-34521ex6,184,320,213,688,29
260-5963solution,108,172,114,388,6
260-8865vm0,124,198,140,446,16
261-14481hardstride,119,192,126,430,7
261-20542memattr,7,9,9,23,2
262-14918solve,337,547,367,1221,30
262-15051check-macros,7,9,9,23,2
262-1583whologgedin,13,22,17,48,4
262-19610strcpy,65,109,73,239,8
262-21297matmul0000,219,360,241,798,22
262-27002ortalama,134,217,147,485,13
262-323617,203,331,225,737,22
262-484714,143,236,159,522,16
262-7623pthread_create_with_param,97,168,108,362,11
263-24559p1,73,117,83,263,10
263-7030paginate-after-ctrl-c-running,10,15,13,35,3
263-7863pair-numbers-using-for,37,58,45,132,8
264-15031pe024,196,338,227,730,31
264-20591ascii,49,74,56,172,7
265-1278integer_factors,53,86,62,192,9
265-17347main,423,710,458,1556,35
265-18503lst_no_head,150,249,169,549,19
265-20242swap_str_arr,355,587,383,1297,28
265-30827pr78248,94,150,109,338,15
265-30986globalerr,76,116,82,268,6
265-33605server,15,21,17,51,2
265-3691Exercise3-06,409,674,447,1492,38
265-4481omp3-1,279,463,314,1021,35
266-10383argv,58,91,65,207,7
266-29346timer_implementation,73,125,85,271,12
266-35386a2a,103,167,113,373,10
266-4163InsertionSort,214,350,235,778,21
267-16028seq_vec_sum,217,365,241,799,24
267-24954sleep,69,114,79,252,10
267-27432trapkid,57,104,67,218,10
267-32913param,60,96,67,216,7
268-16751pi_original,822,1385,889,3029,67
268-3031820170419-1,61,98,70,220,9
268-30454py-objfile-script,42,69,46,153,4
268-32854test_wcfuncs,278,490,314,1046,36
268-7369stop-all-on-exit,12,18,15,42,3
269-21870test_args,55,87,62,197,7
269-28028dw2-undefined-ret-addr,11,19,15,41,4
269-29513cap,64,103,71,231,7
269-32268bin2c,308,523,341,1139,33
269-4145QuickSort,289,476,311,1054,22
270-20129startup-with-shell,62,97,69,221,7
270-32575sigaction,80,141,96,301,16
270-5135quick_sort,333,541,364,1207,31
270-6345bitflip,173,296,192,642,19
271-10922triplet,185,302,203,672,18
271-11983simplestatemachine,64,102,75,230,11
271-29927permutations_of_string,236,395,260,867,24
271-30182circularlinked,113,206,127,432,14
271-49773,151,247,172,549,21
272-14706bubble_sort_v1,206,342,226,754,20
272-7484gemver_profiling,223,355,234,801,11
273-19149cursal,15,25,19,55,4
273-21009sleep_before_dying,29,46,33,104,4
273-4367fib_bottom,124,206,135,454,11
273-9285sum,78,125,86,281,8
274-14823matrix-row-column-order,1698,2878,1837,6274,139
274-2603211,253,417,277,923,24
274-8828new-ui-pending-input,10,15,13,35,3
275-15430simpleVersion,314,524,359,1152,45
275-31478duplicate-bp,12,22,16,46,4
275-33285hilos,117,197,140,431,23
275-33407break1,55,90,64,200,9
275-6578pr94567,120,189,139,429,19
276-11530hello,18,27,21,63,3
276-27621thread,93,157,107,343,14
276-33239pthread,250,426,287,926,37
277-10814tids-gid-reset,7,9,9,23,2
277-17112backtrace-tst,202,338,229,742,27
277-26942sumArraysOnHost,245,408,265,898,20
277-28581exercise_10_03,149,267,160,565,11
277-6916box2,137,223,154,497,17
277-7374qsort,411,692,442,1514,31
278-12713find_missing,358,579,394,1295,36
278-12978pth_cvsimple,154,282,187,590,33
278-16145zad4,149,250,161,548,12
278-28600dw2-icycle,7,9,9,23,2
278-54941096_sequence_ij_2,59,89,70,207,11
279-23564step-break,32,52,37,116,5
279-29319step-break,32,52,37,116,5
279-32549mi-syn-frame,59,101,74,219,15
279-8672C2,330,574,356,1234,26
280-10868py-breakpoint,90,145,101,325,11
280-16725p2,434,732,473,1600,39
280-16849int__int,97,163,110,357,13
280-27836displayingno,34,55,40,123,6
280-4047questao10,161,263,181,585,20
280-8387gen,69,104,76,242,7
281-10971del,7,9,9,23,2
281-14488count_set_bits,51,85,59,187,8
281-16822pr69067,91,149,107,331,16
281-30836randomize,19,32,23,70,4
281-31036sizeof,90,145,100,325,10
282-22961pr46685,76,122,91,274,15
282-23114insert_sort_list,346,592,382,1284,36
282-30350echo,70,115,80,255,10
282-31353arrays,57,90,63,204,6
282-34128locked_vs_unlocked3,232,452,285,916,53
283-12475paginate-inferior-exit,12,20,16,44,4
283-15225dw2-single-line-discriminators,29,44,35,102,6
283-18010fortran-sym-case,15,21,17,51,2
283-2644126-strict-loop-enter,61,95,73,217,12
283-5136test,61,96,72,218,11
285-18854dir2,75,125,90,275,15
285-2317py-mi-events,26,40,31,92,5
285-27760binary_search,180,296,198,656,18
285-31406TLE,30,50,37,110,7
285-597test-getdomainname,16,24,19,56,3
286-1472countdown,114,189,131,417,17
286-23371code,136,218,154,490,18
286-345879-print_comb,54,87,63,195,9
286-48646-refine-protected1,57,104,74,218,17
286-8707ch04pr09a,45,73,51,163,6
287-1505709-wan,84,137,95,305,11
287-26959array_transpose,223,376,252,822,29
288-20851paginate-after-ctrl-c-running,10,15,13,35,3
288-2612fixmewithvalgrind,76,123,85,275,9
288-34432paginate-after-ctrl-c-running,10,15,13,35,3
289-4934target,31,49,38,111,7
290-11979ex04_13,47,74,54,168,7
290-11990sleep1,27,48,35,102,8
290-12102sleep_before_dying,29,46,33,104,4
290-13709pr83298,39,62,48,140,9
290-357503,345,580,376,1270,31
291-12040euler7,136,222,154,494,18
291-12759bubble_sort,290,480,322,1060,32
291-31893test,173,281,192,627,19
291-34982pi,95,150,102,340,7
292-11288CProgram4,113,196,131,422,18
292-13873sorted_insert,282,459,305,1023,23
292-18502time_diff2,52,88,60,192,8
292-20650DeleteNodeDLL,276,483,301,1035,25
292-28029find_duplicate_members,123,197,139,443,16
292-31553tst-fdopen,179,321,205,679,26
292-32802problem10,181,290,203,652,22
292-34570test-scan-pthread,166,280,184,612,18
293-1548211,478,808,503,1764,25
293-25545test6,145,245,162,535,17
293-31786enum_3,15,26,18,56,3
294-16285ex05_31,85,147,99,317,14
294-21030problem_four,266,437,295,969,29
294-28438amicable_numbers,160,263,182,583,22
294-31313memattr,7,9,9,23,2
294-4547recipe-576772,149,250,165,548,16
295-17082zad4,63,108,69,234,6
295-21387struct4,136,228,153,500,17
295-4807hook-stop-frame,20,32,24,72,4
296-23369histo,155,256,171,566,16
296-27161dw2-bad-mips-linkage-name,20,30,26,70,6
296-9134ex012_missing2,61,98,69,220,8
297-10865crivello_eratostene,152,250,175,554,23
297-18335approx-pi,218,361,239,797,21
297-26394ktstamp,73,120,81,266,8
297-30183exemple_semaphores,136,236,158,508,22
297-321832017-02-22-Strings,143,241,152,527,9
298-1086059,576,941,623,2093,47
298-23874Argc,58,91,65,207,7
299-12964sort,1795,3002,1925,6592,130
299-19015Length_of_Linked_List,151,278,162,580,11
299-32708geradorTemporadas,51,86,61,188,10
299-7473code21,34,60,42,128,8
299-8032rand_perm,458,804,505,1720,47
300-15597ipcp-self-recursion-1,128,212,149,468,21
300-27185task_2,85,136,98,306,13
300-28286LeetCode0315,761,1283,813,2805,52
300-467920000329-1,54,87,64,195,10
301-14327bubble,126,207,138,459,12
301-15654new-ui-pending-input,10,15,13,35,3
301-16301smallest_multiple,82,131,97,295,15
301-22486fig1b,86,140,103,312,17
301-2478struct,99,161,110,359,11
302-24883tc14_laog_dinphils,170,294,196,634,26
302-30255gcov-1a,29,46,36,104,7
302-32951pr93820,77,122,88,276,11
302-8619all,73,117,81,263,8
303-18780app-console,23,37,27,83,4
303-19909peak,50,82,58,182,8
303-25346disconnected-tracing,11,19,15,41,4
303-30727dprintf-non-stop,13,24,17,50,4
303-31275main,58,92,67,208,9
303-33904problem_five,116,189,132,421,16
303-34518insert_sort,234,383,258,851,24
304-13054main,18,27,21,63,3
304-13086envtime,46,75,55,167,9
304-13860simple_threads,290,510,321,1090,31
304-9724069,100,163,114,363,14
305-11308pr57344-1,63,103,75,229,12
305-15481breakpoint-shadow,13,19,15,45,2
305-16651data,62,107,74,231,12
306-27484jump_game,233,386,257,852,24
306-8066even_fibonacci,75,121,83,271,8
307-32125code,75,117,85,267,10
307-34513bubble_sort_v2,228,378,251,834,23
308-10554intfloatprint,19,28,22,66,3
308-1569enum,67,111,78,245,11
308-2427sizeof,22,40,25,84,3
308-30843tls-var-main,9,14,12,32,3
309-16838dprintf-non-stop,13,24,17,50,4
309-32647traced_c_loop,34,56,42,124,8
310-17151pgm7-6,54,86,62,194,8
311-1974120081218-1,118,200,140,436,22
311-2182vetor2,83,139,91,305,8
311-26435pr88984,46,75,57,167,11
311-26821ex11,192,314,210,698,18
312-13565test054,39,63,46,141,7
312-24043rand68,359,613,399,1331,40
312-25158BuildTower,365,625,396,1355,31
312-3522show-bytes,144,245,162,533,18
312-4052jacobi2,141,227,155,509,14
312-5913thread_leak5,40,67,50,147,10
313-30660034,106,170,120,382,14
313-32371task_4,48,78,55,174,7
313-33584square-sum,100,163,108,363,8
313-461isPall_ignorePuncCap,244,412,280,900,36
314-3805getc,55,91,67,201,12
315-11257compile-tls,12,20,16,44,4
315-2034t-dummy,15,21,17,51,2
315-31685bitshift,61,100,67,222,6
316-21581exce7,206,336,230,748,24
316-23045pages_as_heap,117,190,138,424,21
316-2342ex12,85,139,99,309,14
316-26034libmax,94,149,106,337,12
316-9581main,238,394,255,870,17
317-2728binarySearch,170,279,189,619,19
317-851pr68185,120,181,145,421,25
318-12384double-prompt-target-event-error,10,15,13,35,3
318-22490likedlist,486,869,537,1841,51
318-4890thread,96,167,115,359,19
319-31908get_individual_bytes_with_array,50,76,57,176,7
319-7723term,7,9,9,23,2
320-17374tree,585,1041,636,2211,51
320-32425bubbleSort,239,387,261,865,22
320-483sketch1,175,285,192,635,17
322-227rwlock_race,102,188,117,392,15
322-6437generate_input,51,82,58,184,7
322-871FindTheSmallest,650,1124,703,2424,53
323-15077tabela,49,78,56,176,7
323-1618fopen,56,95,66,207,10
323-26798stringANDarray01,134,221,146,489,12
323-9628fio31,65,117,78,247,13
324-12056double-prompt-target-event-error,10,15,13,35,3
324-15333mclean,1073,1816,1203,3962,130
324-263491189,156,259,180,571,24
324-31749print_ascii,36,57,43,129,7
324-35035sudoku,640,1068,718,2348,78
325-26168ch27_drill,52,84,57,188,5
325-30042memmem_funz_gen,393,677,408,1463,15
325-4606tc14_laog_dinphils,170,294,196,634,26
326-22210print_bits,65,107,77,237,12
326-32941magic_puzzle,1369,2525,1417,5263,48
326-35343sum_swap,477,841,518,1795,41
326-7657trailing_zeros_factorial,201,330,232,732,31
326-982747_permutation_II,408,696,447,1512,39
327-10398problem_nine,124,201,136,449,12
327-11474fortuneindex,242,416,274,900,32
327-20440new-ui-pending-input,10,15,13,35,3
327-21202find_track_oo,120,199,138,439,18
327-26416gdb1090,40,66,46,146,6
327-28921thread,15,24,18,54,3
327-9013multiples,48,75,55,171,7
328-27095pr57344-4,63,103,75,229,12
329-14322ex05_41,129,220,147,478,18
329-30853ex14,207,337,230,751,23
329-33038EqualSidesOfAnArray,397,716,441,1510,44
329-33660DelayTest,75,126,84,276,9
330-10720pr83668,109,169,132,387,23
331-11637locking,92,167,108,351,16
331-1322array_bidimensional,107,179,120,393,13
331-28139aspace,50,87,54,187,4
331-9783p94,231,381,248,843,17
332-17490j014c,7,9,9,23,2
332-18760split2,197,336,217,730,20
332-21624randomize,19,32,23,70,4
332-22164pr80308,114,184,127,412,13
332-22290tc14_laog_dinphils,180,314,206,674,26
332-27733pr63464,518,923,611,1959,93
332-28016029,295,499,325,1089,30
332-3388ex1,33,52,40,118,7
332-34202c-,75,121,83,271,8
332-6806lonely_integer,200,353,222,753,22
334-14082rasa,204,340,223,748,19
334-69392017-02-16-Fibonacci,78,132,90,288,12
334-86946,173,300,187,646,14
335-17561stpcpy,140,226,160,506,20
335-22216structs3,21,30,23,72,2
336-1587main,52,82,59,186,7
336-19986basic,77,124,89,278,12
336-23208Queue_using_Linked_List,192,354,219,738,27
336-24583cursal,15,25,19,55,4
336-2471new-ui,24,57,26,105,2
336-31698zero_sign_extension,153,262,168,568,15
337-20021echo,39,60,45,138,6
337-28842t-tests-end,7,9,9,23,2
337-33504cstrings,172,311,184,655,12
337-34808229,474,779,514,1727,40
337-9742fig06_06,63,101,71,227,8
338-21843RecursiveTest,152,249,171,553,19
338-6482watchpoint-hw,7,9,9,23,2
338-6760list_errors,671,1186,735,2528,64
339-15920eg10_21,99,193,114,391,15
340-21526task_3,241,402,265,884,24
340-23702DoubleLinkedList,472,821,509,1765,37
340-30381main,111,179,124,401,13
340-32770cptr1,108,176,122,392,14
340-34948obfuscate,910,1539,959,3359,49
341-27930T4_1_a,93,163,103,349,10
341-32127watchpoint-multi,65,108,79,238,14
342-24042pr87168,92,142,111,326,19
342-31743ex002,105,182,124,392,19
342-33622loop,31,49,38,111,7
343-30500races3,476,829,511,1781,35
343-33554PE002,79,125,85,283,6
344-10479mem_errors,151,272,159,574,8
344-10567task1,62,103,72,227,10
344-11547asm,70,111,78,251,8
344-21460ch07ex05,68,110,76,246,8
344-2180interrupt-noterm,10,15,13,35,3
344-27597buffer,110,187,121,407,11
345-1518load,108,174,125,390,17
345-22298prime,118,191,137,427,19
345-26470sleep,18,27,21,63,3
345-32716continue-all-already-running,10,15,13,35,3
345-617reverse_list,151,261,165,563,14
346-10639pr97467,57,89,65,203,8
346-17564array,66,105,74,237,8
346-27779alphasort,77,127,90,281,13
346-28768p24,484,812,547,1780,63
347-15138readsymlink,85,143,96,313,11
347-19818findMinMax,187,306,207,680,20
347-25221thread_multiple_params_example,101,172,113,374,12
347-5887imprimindo,50,78,57,178,7
348-10151mini-mini,74,130,85,278,11
348-6626ex2,84,144,100,312,16
348-8804asciitable,146,240,166,532,20
349-1389236,91,153,103,335,12
350-1694arodriguez154,20,31,23,71,3
350-2242223591_thread-1,120,212,142,452,22
350-29289encrypt,79,133,88,291,9
350-3773swatchtime,42,65,46,149,4
351-17280svcomp_genady_true-alloca,71,109,77,251,6
351-31195problem84,720,1213,807,2653,87
351-8871_7,97,157,111,351,14
352-11585info_types,29,46,33,104,4
352-18031ex14-1,178,290,196,646,18
353-29632bstree,519,925,575,1963,56
353-29823bucket_sort,444,762,483,1650,39
353-778arr-subrange,7,9,9,23,2
354-12170py-frame-args,78,131,86,287,8
354-136133_4,224,365,242,813,18
354-29497heapsort,634,1124,689,2392,55
354-6478py-objfile,10,15,12,35,2
355-10969FindInPartiallySortedMatrix,245,398,271,888,26
355-21797LeetCode0051,1216,1999,1302,4431,86
355-26831while4,47,78,54,172,7
355-34705threadSort,597,992,649,2186,52
356-1859convert,69,108,75,246,6
356-22780burgers,1311,2130,1353,4752,42
356-2654test,59,104,71,222,12
356-3531bg-execution-repeat,13,24,17,50,4
357-12046task_3,182,306,206,670,24
357-6533christmas_tree,259,443,298,961,39
357-7457burst_time,36,60,42,132,6
358-21915program2,229,423,246,881,17
358-32653pr33755,65,101,76,231,11
358-34301vararrays,91,148,102,330,11
358-5946fib,73,115,80,261,7
359-10424py-symbol,49,79,54,177,5
359-18013rot13,114,191,130,419,16
359-2210420000717-4,35,54,38,124,3
359-22399BankAccount,95,168,99,358,4
359-28910okimtest,129,231,138,489,9
359-356arrays,60,94,68,214,8
359-5231fission-base,20,31,24,71,4
360-12147planet,137,223,154,497,17
360-13858pr95045,130,208,154,468,24
360-21005thread_leak5,40,67,50,147,10
360-2648reloc4lib2,97,159,112,353,15
360-29180str,70,112,82,252,12
360-3617test_flush_logger,60,99,68,219,8
360-6018thread,15,24,18,54,3
361-5668bg-execution-repeat,13,24,17,50,4
362-20135debug-info-gline-tables-only2,7,9,9,23,2
362-2856734_srch_in_range,263,423,286,949,23
362-33227echo,75,122,84,272,9
363-15751ArbitraryPrecision,278,462,307,1018,29
363-26280order_pizza,169,273,191,611,22
363-26435hilos_exit,135,234,159,504,24
363-6788cont2,39,61,46,139,7
364-16603ldbl_e308,14,19,16,47,2
364-34811switch-1,39,62,49,140,10
365-17559sec_multmatrixseq,524,880,580,1928,56
365-24908vla,72,119,82,263,10
365-25449py-objfile,10,15,12,35,2
365-6723collisions,454,754,498,1662,44
366-1264my_alarm,72,123,87,267,15
366-18398setvbuf,39,82,45,160,6
366-21230eg0601,104,172,112,380,8
366-28450IsMyFriendCheating,408,692,444,1508,36
366-4006ejemploOptimizacion,113,180,127,406,14
366-74713,93,165,103,351,10
367-1062Test_print_stack,88,150,97,326,9
367-12487test,79,124,89,282,10
367-15234pthread,145,246,167,536,22
367-1888show_byte,74,121,83,269,9
367-30759pr80153,163,273,181,599,18
367-34398alg,556,926,598,2038,42
367-9893main,95,167,112,357,17
368-28469insertionSort,186,304,206,676,20
368-748py-arch,7,9,9,23,2
368-9336hello_multi,69,120,82,258,13
369-15663leaks,170,282,185,622,15
369-15781exce14c,234,383,257,851,23
369-29163array_product,452,828,491,1732,39
369-4807methcall,430,728,464,1588,34
369-631py-block,40,63,44,143,4
369-7477HowFastIsYourComputer,46,74,55,166,9
369-9898atoi,106,167,117,379,11
370-1475problem_5,101,153,118,355,17
370-21436csandoval5,20,31,23,71,3
370-26971prog56,32,51,38,115,6
370-7306xorpad,238,393,259,869,21
371-15068mem_dump,168,290,189,626,21
371-23398knr_strcpy,74,122,83,270,9
371-31358masked,235,385,257,855,22
372-11428continue-all-already-running,10,15,13,35,3
372-15635break,48,74,55,170,7
372-28707swab,93,167,100,353,7
372-28831putenv_test,104,188,125,396,21
372-30425task1,38,61,45,137,7
372-4635count_twos,458,814,515,1730,57
373-16799pthread_threads,46,88,54,180,8
373-26555strncmp_example,95,156,104,346,9
373-30652pr87290,281,497,317,1059,36
373-8733py-section-script,42,69,46,153,4
374-11259Example5,36,56,43,128,7
374-13879get_hash_string,121,195,135,437,14
374-14407setmem_long-1,188,318,213,694,25
374-17335step-break,32,52,37,116,5
374-20172gcov-9,25,37,30,87,5
374-22426infcall-input,19,33,24,71,5
374-2965for+continue,51,77,63,179,12
375-15705mmalloc,214,364,232,792,18
375-25509pthread_join,75,126,88,276,13
375-31289str_with_backspace,258,432,282,948,24
376-10146reverse_bits_of_an_integer,302,519,339,1123,37
376-10864sleep1,63,110,76,236,13
376-14507q33,22,43,25,87,3
376-20420loop_de_inteiros,32,51,38,115,6
376-6542strncmp,327,599,393,1253,66
377-16402pr95172,47,72,59,166,12
377-2651py-pp-maint,107,182,115,396,8
377-26933shift-1,62,98,65,222,3
377-30730goldbach,199,329,231,727,32
377-34220main,73,120,82,266,9
378-15174cache4,68,108,78,244,10
378-2004p14,128,206,143,462,15
378-3907palindrome,189,314,214,692,25
378-8778step-symless,22,39,26,83,4
379-16953gcore-buffer-overflow,7,9,9,23,2
379-3080157-singlethreaded-unlock,40,68,51,148,11
380-20047007,90,141,104,321,14
380-33023py-progspace,7,9,9,23,2
380-3754address_space,24,34,28,82,4
381-1411reverse-bitwise,251,414,263,916,12
381-29250gen,59,93,70,211,11
381-6056t03,31,48,36,110,5
381-718804斐波那契函数_Fibonacci,177,312,193,666,16
382-17602fibonacci,85,144,99,314,14
382-25640suspect,251,426,277,928,26
382-27996cond_variables,76,150,97,302,21
382-28395christmas_tree,148,247,169,543,21
382-31745C,320,539,346,1179,26
382-347920100430-1,156,279,170,591,14
382-35394while_nested,45,71,53,161,8
383-17776test_sleep,13,22,17,48,4
383-305470X0053,39,64,47,142,8
384-12376complex,226,412,231,864,5
384-13282dwp-symlink,15,21,17,51,2
384-14432sleep_example,57,92,65,206,8
384-17633reverse_string,120,193,133,433,13
384-29437tests_generator,151,282,169,584,18
384-8346pdb-realloc,109,175,121,393,12
385-12512kmcashan1,20,31,23,71,3
385-2345214,121,194,136,436,15
385-28034echo_1,72,115,79,259,7
385-9489ex12_15,517,891,571,1925,54
386-12150ex5-4,55,91,62,201,7
386-2238exemple_calloc_3,65,105,75,235,10
387-11443main,211,354,230,776,19
387-14056p18,530,872,563,1932,33
387-1718p052,224,378,249,826,25
387-17584solution,60,94,67,214,7
387-27087jit-simple-dl,7,9,9,23,2
387-27335xbug,291,510,323,1092,32
388-30347initials,102,164,113,368,11
388-6469test_time,40,67,48,147,8
389-18604gcore,120,198,134,438,14
389-19687decl_status_code,38,66,45,142,7
389-20762solution,285,483,317,1053,32
389-3355choose_idea6_other1,222,374,248,818,26
389-7792nestedloop3,44,66,55,154,11
390-29714005clock_sync,779,1305,851,2863,72
390-32805test_mutex_cond,149,275,180,573,31
390-3599fibonacci,141,245,160,527,19
390-4672bp-cmds-execution-x-script,54,88,62,196,8
391-24817pattern_3,59,95,70,213,11
391-465mystrcpy,100,165,113,365,13
392-11095fast_union_slow_find,308,524,341,1140,33
392-20285dirent,82,136,96,300,14
392-32672memcmp,294,509,320,1097,26
392-34916heap_sort,426,742,473,1594,47
393-24370paths,1129,1874,1437,4132,308
394-12965pgm8-15,50,84,58,184,8
394-14057gdb11479,82,139,90,303,8
394-20669test_gcov,62,100,74,224,12
395-14510program2,105,171,121,381,16
395-24478test-hello-space,23,36,27,82,4
395-30201step-break,32,52,37,116,5
396-29283maximum_sum_increasing_subsequence,302,489,331,1093,29
397-10867dprintf-non-stop,13,24,17,50,4
397-22068hardguy,36,59,44,131,8
397-22626reverse-list,238,418,254,894,16
397-26862malloctest2,332,573,360,1237,28
397-3287sizes,60,94,67,214,7
