name,prev_node,prev_edge,new_node,new_edge
000-1178select-sort,673,2372,673,2374
000-12636thread,107,375,107,375
000-15547exerc09,286,996,286,996
000-29394run34,216,766,216,766
000-35499main,59,198,59,198
000-6282tester-5,405,1418,405,1418
000-7470thread,382,1394,382,1394
001-15285problem7,169,583,169,583
001-21665rain,221,771,221,775
001-27084p270_sleep2_setjmp,74,248,74,248
001-35337questionTwo,280,960,280,960
001-960725,118,402,118,402
002-1248302mutualExclusionWithSem,258,938,258,938
003-15874Tarea41,93,333,93,333
003-17973insertion_sort,297,1033,297,1035
003-27583clock,60,209,60,209
003-2944556_merge_intervals,846,3041,846,3041
003-32982realloc,132,460,132,460
003-5730signaldemo1,53,175,53,175
003-5965christmas_tree,126,440,126,442
004-19423jit-reader-execd,17,53,17,53
004-25993val-prof-4,130,436,130,436
004-26230player1,210,745,210,745
004-27100cmdLine,68,231,68,231
004-32098threads,221,760,221,762
004-4020test,372,1313,372,1313
005-14858D3DC,65,220,65,220
005-7068echo,134,461,134,461
005-8796lis,321,1123,321,1123
005-9009tt,236,841,236,841
005-9841task3,99,341,99,341
006-14941mamemaki,256,888,256,888
007-14480vla-stub,9,25,9,25
007-31877compile-print,9,25,9,25
008-28943infcall-input,24,79,24,79
008-29214vrp1,113,380,113,380
008-30047mythread2,153,531,153,531
008-3866tmpnam,79,264,79,264
008-4370ReplaceBlank,271,939,271,939
009-14187nofield,37,128,37,128
009-20916bubble_sort,200,699,200,701
009-21072link_list,460,1612,460,1612
009-2796disasm-end-cu-1,37,122,37,122
009-28727mtdm,171,584,171,584
009-297486,121,421,121,421
009-8719pr11022,44,144,44,144
010-25642tst-definitions,21,69,21,69
010-27366problem2,82,283,82,283
010-2826array,149,553,149,553
011-29480py-pp-maint,115,410,115,410
012-18959watch-bitfields,354,1296,354,1296
012-6739qt-faststart,2384,8677,2384,8681
012-7113rand18,231,805,231,807
013-1096hook-stop,35,118,35,118
013-6163bytetostring,317,1104,317,1104
013-7468pr86714,100,332,100,332
013-8067millipede,162,557,162,557
014-2796850,342,1185,342,1189
014-5010test-atomic_store,26,87,26,87
015-21469sigchld,40,135,40,135
015-22699multiple,86,293,86,293
015-22869task_4,65,220,65,220
015-22880memory-stress,67,226,67,226
015-27833locked_vs_unlocked2,399,1510,399,1510
015-35357test_tile,56,185,56,185
016-10867signal_test,202,737,202,737
016-22341mkconv,158,545,158,547
016-2341test,99,338,99,338
016-33539shell_sort2,297,1031,297,1035
016-34754env2,739,2614,739,2614
016-6021localVarsLoop,26,84,26,84
017-11584pointers_loop_true_assert,69,229,69,229
017-19342task_5,76,249,76,249
017-241bitfld-4,92,234,92,234
017-32890pth_detached,435,1546,435,1546
017-4843test7,70,233,70,233
018-1674mem,88,301,88,301
018-20920py-pp-registration,81,286,81,286
019-14152init,14,42,14,42
019-27946workbeast,41,131,41,131
020-24579del,9,25,9,25
021-15858biggest_number_of_array,126,431,126,431
021-17632task_2,94,327,94,327
021-20657exemple_malloc_1,75,252,75,252
021-7166monkey,122,420,122,420
022-22876ftrace,59,196,59,196
022-33504test_swab,105,384,105,384
023-20852disp-step-vfork,112,377,112,377
023-30037pe18,235,835,235,837
023-32585py-arch,9,25,9,25
024-12082week2_day1_maopao,223,782,223,784
024-27020threadtest,140,475,140,475
024-29015continue-all-already-running,13,39,13,39
024-5866extebdsfdf2vfp_test,13,39,13,39
025-15913isspace,177,638,177,638
025-644gdb_example,120,419,120,419
026-32605ex03_40,73,248,73,248
027-14045ex7,119,408,119,408
027-26190NetBSD_loop,116,401,116,401
027-26679finvTable,412,1449,412,1451
027-28157val-prof-6,57,188,57,188
027-28741main,134,463,134,463
027-29273ll_cycle,453,1735,453,1735
027-2954ex13,118,404,118,404
027-7716watch-vfork,54,176,54,176
028-10344switch-threads,85,287,85,287
028-17195main,357,1240,357,1242
028-18541step-over-vfork,112,377,112,377
028-24638pr97695,123,411,123,411
028-34626Exercise-2-6,236,826,236,826
029-10108gdb1821,14,41,14,41
029-17241hilosyvariables2,149,515,149,515
029-2070120061031-1,101,334,101,334
029-28187pthread_exit,105,357,105,357
029-7574realloc,188,653,188,653
029-7910dummy_main,9,25,9,25
030-23137p073,758,2647,758,2657
031-12718select_sort,230,797,230,799
031-12859my_test,118,406,118,408
031-18745urandom,314,1086,314,1086
031-22590exemple_argv,74,252,74,252
031-6688deep,171,582,171,582
032-10353pointer,801,2870,801,2870
032-16238reverse,118,405,118,405
032-22957manythreads,185,640,185,644
033-15392fizzbuz,119,402,119,402
033-91201creatingThreads,165,578,165,580
034-10339interrupt-noterm,13,39,13,39
034-1229crazy-swap,112,383,112,383
034-16301breakpoint-in-ro-region,22,87,22,87
034-26697qsort,430,1516,430,1516
034-29908many-types,56,182,56,182
034-34485_per,208,720,208,720
035-11693memfuck,45,145,45,145
035-137141-5,56,184,56,184
035-25137pr91190,202,682,202,682
035-29328double_to_binary,126,425,126,425
035-4268pr91293-1,96,322,96,322
036-11431revision1,98,335,98,337
036-32323continue,64,216,64,216
037-24655bfp-test,18,52,18,52
037-29054malloc_perf,49,161,49,161
038-11057Peakfinder,572,2019,572,2019
038-9527pr11022,44,144,44,144
039-14676status-stop,42,138,42,138
039-153013,144,497,144,497
039-17276implref-array,10,28,10,28
039-17506argv0-symlink,17,53,17,53
039-19041narnia8,127,438,127,438
039-4014fp_race,216,747,216,747
039-9827main,66,226,66,226
040-13264while2,41,137,41,137
040-27018thread_test,158,548,158,548
040-32272f-29-4-10,190,661,190,661
041-11888array_typedef,104,354,104,356
041-17240keywords,50,173,50,173
041-22551py-breakpoint,101,345,101,345
041-25768scm-math,17,53,17,53
041-25976bitfld-7,18,54,18,54
041-32163pattern_8,69,230,69,232
041-4355sumit,57,190,57,190
041-6896parse_data,90,306,90,306
042-30905interrupt-noterm,13,39,13,39
042-31353dga_ramdo,272,976,272,976
043-10278newton_raphson,142,494,142,494
043-111754741_factorial,377,1341,377,1345
043-13844task_5,70,235,70,235
043-15260006-whilestmt,34,110,34,110
043-19775brand,315,1097,315,1105
043-26859exemple_flush,68,234,68,234
043-28598thread_create,244,857,244,857
044-16186j014b,9,25,9,25
044-19321sum,79,268,79,268
044-245260X0073,485,1724,485,1724
044-26825predcom-6,84,284,84,284
044-30873heap_sort,540,1895,540,1895
044-32477break-reverse,29,102,29,102
044-33300pointers,211,772,211,772
044-33647chansheng,37,119,37,119
045-18778Undefined,90,304,90,304
045-2079009,57,195,57,195
045-22501j009a,25,83,25,83
045-3285hold_lock,231,844,231,844
045-365sizeof,168,636,168,636
045-7468simple_thread,101,354,101,354
046-15023quickSort,282,983,282,983
046-29343py-progspace,9,25,9,25
046-2960646_permutations,606,2152,606,2152
046-32742resolve_test,32,110,32,110
046-7581prog08b,58,195,58,195
047-10569save-bp,39,131,39,131
047-10949val-prof-4,130,436,130,436
047-23130GopanReps-CAV2006-Fig1a_true-termination,59,199,59,199
047-245951098_sequence_ij_4,124,420,124,422
047-29636200t,47,155,47,155
047-31117filesym,21,67,21,67
047-32078ascii2,48,156,48,156
047-849main,225,786,225,786
047-8651problem_two,142,495,142,495
048-10810scm-disasm,9,25,9,25
048-13106binary-formats,14,41,14,41
048-13514force-parallel-6,206,724,206,728
048-22728beginer_1,99,336,99,336
048-2342001variousThreadsMain,165,578,165,580
048-2415515_dekker_true-unreach-call,127,433,127,433
048-33667foll-vfork,124,438,124,438
048-34449while,161,544,161,544
048-51count_ones,129,451,129,451
049-148351064,214,734,214,740
049-15810crackme_regex_fsm,219,734,219,734
049-25599stack_list,250,896,250,896
049-2654121,184,636,184,636
049-30249structs3,23,74,23,74
050-11220modulo,37,119,37,119
050-12051Queue_Linked_List,217,772,217,772
050-27876counting-sundays,251,881,251,881
050-33543lcs,706,2520,706,2522
051-18616ex11,113,390,113,390
051-2717403-gdb,54,181,54,181
051-31004zadanie3,105,357,105,357
051-31560success_006,176,627,176,627
052-18297knr_3_1r,275,964,275,964
052-4669vla-stub,9,25,9,25
053-14432py-block,44,149,44,149
053-18642queue_practice,197,698,197,698
053-23239ctor1,16,48,16,48
053-23623spat,243,839,243,839
053-9812day_mon3,65,219,65,219
054-34632pure-1,323,1161,323,1161
054-920705_02-example1,79,268,79,268
055-20586reverseString,147,515,147,515
055-2142isPall,198,694,198,694
055-26206task_3,209,723,209,723
055-33745testrand,143,506,143,506
055-33891bp-cmds-execution-x-script,62,210,62,210
056-12867store_merging_27,114,391,114,391
056-1765divcon_sum_serial,247,867,247,867
056-18538rerun-prec,17,53,17,53
056-18930hook-stop-continue,68,235,68,235
057-11576Hello,44,145,44,145
057-21542trace-unavailable,48,164,48,164
057-28945Namota6,55,184,55,184
057-31598fib_rec,106,366,106,366
057-4922rw,1037,3838,1037,3838
057-8220correct,121,413,121,413
058-22161branch_preditction,591,2108,591,2108
058-33847curva,204,727,204,729
058-8305strchr,151,544,151,544
059-16241pi,149,521,149,521
059-21072aq,316,1134,316,1134
059-30500main,21,67,21,67
059-8609data-loc,24,75,24,75
059-963test-atomic_load_double,34,113,34,113
060-12245reverse_integer,169,586,169,586
060-2887problem5,88,296,88,296
060-30487condense,269,981,269,981
060-34067longrun,32,106,32,106
061-21032p12,191,662,191,662
062-19820example_problem_1_i2,273,967,273,967
062-20408LongestCollatz,244,849,244,849
062-22253pxdb,68,230,68,230
062-31221hello_world,109,366,109,366
062-33201hook-stop,35,118,35,118
062-9037ctermid,42,144,42,144
062-916consoleArgs,62,209,62,209
063-10553example-with-valgrind-01,142,491,142,491
063-8173hash,74,252,74,252
064-18053133_clone_graph,368,1315,368,1315
064-25659hello,13,39,13,39
064-2814220021219-1,100,336,100,336
064-3032paginate-inferior-exit,16,50,16,50
064-7696FizzBuzz,96,317,96,317
065-10095smallest,241,833,241,833
065-2609trace-break,28,93,28,93
065-3827ex09_07,142,497,142,497
065-657ex5-2,54,183,54,183
066-10455dw2-reg-undefined,15,47,15,47
066-11533testsort,229,800,229,802
066-2531student2,185,656,185,656
066-257536,149,524,149,524
066-28839test,436,1532,436,1536
066-33480pr98117,42,135,42,135
066-9229maxPrimeDivisor,75,250,75,250
067-12159clock_get_test,167,579,167,579
067-1732check_2w1r,803,2908,803,2908
069-12001prob0021,211,727,211,731
069-15772practice_5,195,697,195,697
069-21667unpack_binary,436,1574,436,1574
069-31895disabled-location,12,37,12,37
069-392zipper,349,1222,349,1222
069-6597vectorize,144,511,144,511
070-10036HelloWorld,153,534,153,534
070-18259pr64957,105,361,105,361
070-20158sum_orig,130,449,130,449
070-22791recursion,126,430,126,430
070-26520ex12_16,350,1258,350,1258
070-32207task_1,144,490,144,490
070-32825array_pointer,283,992,283,994
070-55782,84,291,84,291
071-13291run-id-pr46758,76,255,76,255
071-13357coder,75,263,75,263
071-1819function,97,326,97,326
071-22095permut,192,672,192,672
071-33578dw2-reg-undefined,15,47,15,47
071-5557mutex,226,802,226,802
072-1840pointer_arithmetic1,63,210,63,210
073-23014nsieve-bits,301,1051,301,1055
073-24578base_algo_quick_sort,430,1503,430,1503
073-35087vrp2,116,396,116,396
073-7196ex14_03,59,198,59,198
074-12869email,105,354,105,356
074-14042dw2-param-error-main,23,75,23,75
074-33235ex11,313,1098,313,1098
074-33748get_rightmost_one,99,342,99,342
075-1255112,276,953,276,955
075-16609paginate-inferior-exit,16,50,16,50
076-1255execl1,17,53,17,53
076-31229thread,141,492,141,492
077-18017annota-input-while-running,13,39,13,39
077-23530mandel-2,363,1312,363,1314
077-24730clock,69,240,69,240
077-30413demo,128,432,128,432
077-31448watchpoint_func_many_probes,60,200,60,200
077-8165t-malloc,88,299,88,299
077-98887,161,547,161,547
078-16331nostdout,23,77,23,77
078-23777tick,52,176,52,176
078-24829to_upper,220,768,220,768
079-12528c_double,211,736,211,738
079-14993test,62,209,62,209
079-16869bug-235681,354,1286,354,1286
079-25175py-mi-objfile,9,25,9,25
079-28474tst_pxt1,374,1311,374,1317
079-32013problem-007,143,486,143,486
079-8624random,53,176,53,176
079-8928ex10,117,400,117,400
080-16143slowcat,116,394,116,394
080-17205bubblesort,330,1154,330,1154
081-12423path_sum,754,2791,754,2793
081-14885interrupt-noterm,13,39,13,39
081-20168primelist,144,487,144,487
081-23790interrupt-noterm,13,39,13,39
081-24277inprint,96,328,96,328
081-32975tree,311,1131,311,1131
082-10711array1,83,279,83,281
082-18781exce7,144,492,144,494
082-31406thread-specific-bp,33,109,33,109
083-25260gdb1821,14,41,14,41
083-4225break-unload-file,15,47,15,47
083-5307ashlti3,190,658,190,658
083-7620access,213,792,213,792
084-2085quick_sort,509,1820,509,1820
084-34360array_address,92,315,92,315
085-13559time_diff7,112,382,112,384
085-1753ex04_33,181,617,181,617
085-17600graphite-loop-transformation,87,294,87,296
085-30147do_while,32,102,32,102
086-1349liftoff,91,308,91,308
086-17439euler5,90,303,90,303
086-1847gentable,425,1484,425,1490
086-9115list0,103,369,103,369
086-9482PiCalculator,110,386,110,386
087-14554task_2,81,280,81,280
088-11007chello,31,102,31,102
088-13105bubbleSort,222,773,222,775
088-15797vrp30,93,311,93,311
088-1845reverse_number,83,301,83,301
088-9316arm-bl-branch-dest,34,111,34,111
089-26705fahr,90,307,90,307
089-31870tst-setjmp,270,971,270,971
090-31154pr83385,125,421,125,425
090-3740ex4,339,1208,339,1208
090-8594test2,231,800,231,800
091-10749get_prime_number_v1,120,405,120,405
091-20728test1,45,149,45,149
091-34390heap,605,2168,605,2168
091-3858enable-running,99,336,99,336
091-4113mi-var-list-children-invalid-grandchild,28,95,28,95
092-12111pr97888-1,117,397,117,397
092-15583length,58,195,58,195
092-2040node_eraser,296,1063,296,1063
092-33234largest_number,408,1467,408,1467
092-33390mutex,263,932,263,932
092-33399testprogram,212,729,212,733
092-6085dynarr-ptr,19,57,19,57
092-6137x64ns,14,42,14,42
093-15271task_1,134,455,134,455
093-1557621,109,367,109,367
093-32830fm11,81,268,81,268
093-9291Random_ispis,111,382,111,382
094-2253ticker,44,144,44,144
094-25350rand,63,212,63,212
094-3457optproc,109,366,109,366
094-7491section-attr-1,137,458,137,458
094-7842dw2-undefined-ret-addr,15,47,15,47
094-8690argument,188,650,188,650
095-25686136,193,666,193,666
095-27673lshrti3,190,658,190,658
095-32532structs3,23,74,23,74
096-23589test,63,207,63,207
096-30172ejercicioenclase3,128,451,128,451
096-32406signal,144,491,144,491
097-11523reverse_bits,136,476,136,476
097-13617big_blocks_freed_list,253,893,253,895
097-16235tst-fileno,107,372,107,372
097-3153501-only-intervals,47,154,47,154
097-6208p14,133,454,133,454
097-8528Exercise7-09,89,296,89,296
098-15981fact_async,187,657,187,657
098-20627info_minsym,23,76,23,76
098-22616list1207,353,1266,353,1268
098-33030mi-var-create-rtti,15,47,15,47
098-33307q34,28,97,28,97
098-5416eg0408,39,128,39,128
099-12180self_invalidate,9,25,9,25
099-15145tststack,133,470,133,470
099-16423problem1,75,253,75,253
099-35012pr90131,143,483,143,487
100-23843guia-wagstaff,209,715,209,721
100-26340knr_5_4,174,617,174,617
100-28964123_best_time_stock_III,469,1639,469,1639
100-7954continue-pending-after-query,40,133,40,133
101-103fabsnegative,38,123,38,123
101-10836Ch8p390pe4,178,619,178,619
101-14001order_pizza,191,653,191,653
101-28378014,131,445,131,445
101-4102sandbox_invoke_args,77,264,77,264
101-7460trace-buffer-size,12,37,12,37
102-19803aalokran,107,394,107,394
102-29093LeetCode0007,96,323,96,323
102-306507c,286,999,286,999
102-30827singleNum137,176,610,176,612
102-5437ia32_rdtsc_clock,163,581,163,581
103-14956arrayidx,12,34,12,34
103-17282annota-input-while-running,13,39,13,39
103-18766main,740,2743,740,2743
103-25177execinfo,99,345,99,345
103-29882random,107,361,107,361
103-30968strtoul,117,412,117,412
104-3028timetest,93,310,93,314
104-35133matrix,785,2826,785,2832
104-9732alarm,62,210,62,210
105-12745mi-reg-undefined,15,47,15,47
105-30329mandelbrot,267,936,267,940
105-30865reverse_list,241,850,241,850
105-4320pr97459-5,23107,82525,23107,82529
106-1204pe10,154,525,154,525
106-5356nostdin,23,77,23,77
108-14480matriu4x4_original,432,1508,432,1518
108-30868manythreads,178,615,178,619
108-696backspace,113,382,113,382
108-712712,194,679,194,679
108-8723helloworld,36,131,36,131
109-25865double,503,1759,503,1759
109-5313randomkey,699,2457,699,2457
109-6537patch-functions-8,51,172,51,172
109-9410double-prompt-target-event-error,13,39,13,39
110-14743fir,291,1022,291,1024
110-15771robber,292,1026,292,1026
110-18700crc16,1390,4923,1390,4925
110-28140exemple_getopt,151,517,151,517
110-31026ex10,137,474,137,474
110-4422fizzbuzz,109,367,109,367
110-885start,27,91,27,91
111-10727lftocr,168,567,168,567
111-20466p3,191,648,191,648
111-31187watchpoint-multi,77,264,77,264
112-17224philosopher_simple,244,875,244,875
112-19691ex5,156,545,156,545
112-20950test-getsubopt,95,337,95,337
112-2598sigaction,96,331,96,331
112-26749sum_of_multiples_of_3_5,129,451,129,451
112-31992ASCII,63,211,63,211
112-32621bin2bf,297,1042,297,1042
112-50691-4,282,1010,282,1010
112-5269multiples,83,281,83,281
112-9710rm,108,372,108,372
113-26902condbreak-call-false,14,43,14,43
113-769interrupt-noterm,13,39,13,39
114-20038PRESENT,920,3383,920,3383
115-14021nanosleep,49,166,49,166
115-21676dw2-ifort-parameter,12,36,12,36
115-30283pr71854,146,487,146,487
115-4001enable,9,25,9,25
115-4775benchmark,65,220,65,220
116-1753wc,779,2753,779,2753
116-31734for+init,41,135,41,135
116-33238slash_r,40,130,40,130
116-9633prime-sieve,227,777,227,779
117-1334basic,89,300,89,300
117-15131teste_vetor,115,392,115,392
117-26679euler4,172,584,172,586
117-28650cache_locality_2d_array_test,433,1522,433,1530
117-4062thread_test,181,670,181,670
118-13217190_reverse_bits,80,276,80,276
118-21689step-line,151,548,151,548
118-22819sum_cols_and_rows,311,1083,311,1089
118-34818Factorial,84,298,84,298
118-6729tls-var-main,12,36,12,36
119-1370q_4_2,103,353,103,353
119-18935buffer,43,141,43,141
119-22198setvbuf,73,249,73,249
120-15013test_stdout_size,57,190,57,190
120-227393,138,468,138,468
120-31197IFS,330,1197,330,1197
120-5452ex10,119,408,119,408
121-13459pi,176,617,176,617
121-16100pthread_return_values,116,406,116,406
121-17894exemple_calloc_2,76,255,76,255
121-32740dummy-frame-restore,17,53,17,53
121-34150scandir,146,500,146,500
122-14235gdb11479,90,317,90,317
122-19861skip-prologue,63,218,63,218
122-9083problem_9,185,639,185,643
123-28487bbcl,717,2529,717,2529
123-29751dw2-undefined-ret-addr,15,47,15,47
123-8196pr47337,407,1423,407,1425
124-215472217745,126,440,126,440
124-24511bounded_notify,259,935,259,935
124-7426task_1,142,495,142,495
126-13497problem14,163,569,163,569
126-20903l3,82,283,82,283
126-26703sleep-test,58,216,58,216
126-30960for,42,138,42,138
126-6073pr65053-2,78,265,78,265
127-18355main,185,654,185,654
127-23167scm-objfile,12,37,12,37
128-1151083_remove_duplicates_from_sorted_list,358,1274,358,1274
128-1243expCloneSpin,59,197,59,197
128-14100ftrace,59,196,59,196
128-19180getoptlong,180,615,180,615
128-31567test047,51,163,51,163
128-3246p14,138,471,138,471
129-11278exo3,459,1625,459,1627
129-11343display,131,452,131,452
129-31934exce14,181,632,181,632
129-6068longest_collatz_sequence,245,849,245,849
130-12273ex11,101,347,101,347
130-17355hand-call-new-thread,67,224,67,224
130-25727thread,18,58,18,58
130-27429overflow_truncate,69,235,69,235
130-6710010,150,513,150,513
131-179037colors,139,479,139,481
131-22638qt-faststart,2384,8677,2384,8681
131-24721mktest,453,1563,453,1567
132-10792maxsublen,126,441,126,441
132-11851gdb-sample2,202,703,202,703
132-1440compile-print,9,25,9,25
132-19319HowMuch,299,1063,299,1063
132-7619magic_square,1632,5740,1632,5748
132-7951bitcount,97,331,97,331
132-8757prime,134,455,134,455
133-32003tst-fileno,107,372,107,372
134-19140test_wctype,1183,4300,1183,4300
134-28075destroy_while_yielded,102,350,102,350
134-31000trace-unavailable,48,164,48,164
134-31079memory_allocation,112,386,112,386
135-13575Upcase,125,429,125,429
135-33554marriage,166,593,166,593
135-35398qtro,17,52,17,52
135-3737dprintf-non-stop,17,56,17,56
135-7363segoddandeven,267,922,267,922
136-11015tst-environ,373,1380,373,1380
136-16423hz,327,1131,327,1135
136-24694atoi,343,1188,343,1188
136-32312getopt,81,272,81,272
137-11867for,63,214,63,214
137-15572annota-input-while-running,13,39,13,39
137-29445rand104,544,1920,544,1926
137-9573test_wcfuncs,314,1116,314,1116
138-21420ex5-3,66,225,66,225
139-16160printf,96,336,96,336
139-16762test,57,193,57,193
139-22327CommonNode,250,915,250,915
139-22467min_element_sol,121,416,121,416
139-5525linked-list,891,3262,891,3262
140-19759getopt,96,320,96,320
140-23332printenv,95,322,95,322
140-24028string_test,287,1124,287,1124
140-24320watchpoint-app,99,354,99,354
140-31663test_ctype,1074,3878,1074,3878
140-3879t04,81,280,81,282
141-16989fizzbuzz,88,289,88,289
141-262444-13_recursive-reverse,166,600,166,600
141-29763qsort,371,1294,371,1294
141-33352rrmdir,297,1027,297,1027
142-24177ascii1,43,141,43,141
142-27709main,114,395,114,395
142-4672merhaba50,38,125,38,125
143-11446malloc,43,148,43,148
143-34617signal,96,323,96,323
143-6050reverse_number,164,570,164,570
144-10577task_4,52,175,52,175
144-1293692_reverse_linked_list,210,734,210,734
144-14900problem_005,141,483,141,483
144-20927py-type,64,223,64,223
144-22561exemple_environ,65,219,65,219
144-28595isalpha,106,365,106,365
144-4458dowhile,133,468,133,468
144-4942function-pointer,139,478,139,478
145-19110producer_consumer,156,560,156,560
145-26413prime2,174,588,174,590
145-3992test9,105,356,105,356
145-8071step-break,37,124,37,124
146-10968randomInput,41,134,41,134
146-18307fission-base,24,77,24,77
146-28170right-rotate,310,1098,310,1098
146-40struct3,183,684,183,684
146-4377sym,182,639,182,639
146-6089getopt_long,98,343,98,343
147-16226while3,42,139,42,139
147-23000py-progspace,9,25,9,25
147-5839test-fill-syslog,50,166,50,166
147-8787double-prompt-target-event-error,13,39,13,39
148-32078quick_sort,574,2020,574,2020
149-1294vararg1,26,84,26,84
149-16776friend,120,422,120,422
149-19202punteros2,99,341,99,341
150-15628random,82,279,82,279
150-19608py-objfile-script,46,159,46,159
150-22188bg-execution-repeat,17,56,17,56
150-23350task_3,175,627,175,627
150-24147pr68250,247,839,247,839
150-2545id-7,61,203,61,203
150-34447mutex_solution,160,555,160,555
151-10629fibonacci,88,300,88,300
151-1065513_roman_to_integer,200,687,200,687
151-1596funccalls,113,385,113,385
151-17972server,17,53,17,53
151-29222gdb1821,14,41,14,41
151-5515play_nice,137,484,137,484
151-809299full,80,274,80,276
152-13608compile-setjmp,9,25,9,25
152-26431py-symbol,54,185,54,185
152-27420telefone,117,396,117,396
152-28934euler4,166,573,166,575
152-35022BubbleSortOptimizing,260,909,260,909
153-13182petle-2,51,167,51,167
153-18211basic,285,1018,285,1018
153-652solve,496,1764,496,1764
154-100542017-03-01-Aufgabe2,226,795,226,795
154-32987bubble_sort_v3,217,758,217,758
154-50602007-03-05-DataLayout,79,272,79,272
155-8394task_4,53,178,53,178
156-12686main,174,603,174,603
156-1817tmpname,55,184,55,184
156-27127hilos,151,518,151,518
156-3160bug-regex27,151,539,151,539
156-7398hilos_join,166,577,166,577
157-10555break-reverse,29,102,29,102
157-13872pr81573,63,205,63,205
157-23116example_02,181,644,181,644
157-28022pr61839_1,99,345,99,345
157-5749lictool,397,1394,397,1398
158-18444check-lc_ctype,22,70,22,70
158-24742CharacterConstant,87,308,87,308
158-27124multiply,274,990,274,990
158-6935watchpoint-delete,29,100,29,100
159-1247testcolors,50,167,50,167
159-18697rand7,159,547,159,547
159-20570hash_soln,1211,4380,1211,4380
159-25362py-value,145,510,145,510
160-19396search,244,878,244,878
160-22052malo,128,440,128,440
160-22440fig06_05,91,309,91,309
160-84632017-02-10-Kopfgesteuerte-While-Schleife-3,64,218,64,218
161-11143execl1,17,53,17,53
161-15802day03,969,3459,969,3459
161-22747simple,18,55,18,55
161-26401pthread,94,336,94,336
161-3857strncpy,185,655,185,655
162-10368lab05,420,1494,420,1494
162-25371waitprobe,50,168,50,168
162-29900term,9,25,9,25
162-3663point6,120,427,120,427
163-14816task_1,106,355,106,355
163-2096sigIgn,66,226,66,226
163-23572ex2,72,245,72,245
163-25833problem_twelve,137,468,137,468
163-31466dw2-case-insensitive,15,47,15,47
163-31548strcpy-2,96,327,96,327
163-34477q4,267,928,267,930
163-4110euler5,432,1514,432,1514
163-6215randomPhoneNumber,155,536,155,536
164-10276switch-case-1,135,471,135,471
164-23727pointers_and_compound_literals,87,308,87,308
164-24613euler,105,356,105,356
164-30412sleep,19,61,19,61
164-9034vector-subscript-2,266,951,266,951
165-32200for_none,49,162,49,162
165-3605memtest,224,800,224,800
166-1816unknown_functions,22,74,22,74
166-2034t1,207,734,207,734
166-22145nim,206,718,206,718
167-17823reverse_number,261,932,261,932
167-28025memory_allocation,112,383,112,383
168-21113fnsplit-1,67,222,67,222
168-25017gentbl,424,1484,424,1484
168-9630tst-random2,161,561,161,563
169-25663loop-12,72,242,72,242
169-26047test-asm-nop,10,28,10,28
169-35020ex07,115,389,115,391
169-6354test,277,983,277,983
169-9136hfc_for_loop,65,220,65,220
170-15898p12,148,504,148,504
170-1696grup3,47,159,47,159
170-18272vdso-warning,9,25,9,25
170-2707310-float,114,391,114,391
170-33980pr39339,350,1286,350,1286
171-12549thread_02_withmutex,185,670,185,672
171-172exercise_3-3_expand,172,589,172,589
171-20700p5,85,279,85,281
171-26597starsrch,131,455,131,455
171-32038p404,335,1191,335,1191
172-10241reverse_number,93,327,93,327
172-21097pi_integration_serial,145,510,145,510
172-5462hello,138,470,138,470
172-9368watch-non-mem,25,87,25,87
173-10217pile_liste_chainee,212,747,212,747
173-167312a,93,314,93,314
173-20523rw,1037,3838,1037,3838
173-24459rand10,383,1357,383,1359
173-5894p3e1,135,481,135,481
174-17494getusershell,32,103,32,103
174-30304thread_base,133,463,133,463
174-9757ex14,227,791,227,791
175-26983insert_sort,255,878,255,880
175-30089rand69,230,803,230,805
176-19143tab,127,435,127,435
176-2396470_climbing_stair,174,603,174,603
176-25465fib,91,309,91,309
176-34268py-mi-events,31,100,31,100
176-6732matrix_soln,576,2047,576,2049
177-3105converse1,113,389,113,389
177-34275task_4,53,178,53,178
177-6116sample,369,1278,369,1280
178-21315task_2_v2,69,234,69,234
178-27654struct_code,5,11,5,11
179-13715ls-errs,21,67,21,67
179-2071implref-struct,10,28,10,28
179-22451program_10_13,100,350,100,350
179-28343ashrti3,199,690,199,690
179-29385pr61375,111,386,111,386
179-34725PrimeSum,148,506,148,506
180-12269testeGrafo,340,1175,340,1181
180-15104pthread_detach,89,306,89,306
180-32191ex13,165,574,165,574
180-349384-12,201,703,201,703
180-351231087,48,158,48,158
181-15257pack-test,81,276,81,276
181-19009annota-input-while-running,13,39,13,39
181-27080cond-eval-mode,67,226,67,226
181-28264task_4,59,200,59,200
181-28878check_cooc,101,347,101,347
181-31145bsd_signal,97,323,97,323
181-6389primes,73,242,73,244
182-1593430,141,491,141,491
182-26410cutrod,175,610,175,610
182-3173714-enums-large,109,377,109,377
183-11129compara,91,309,91,309
183-17908flops-4,420,1490,420,1490
183-18644thread_leak2,50,165,50,165
183-21040bg-execution-repeat,17,56,17,56
183-25695string,525,1887,525,1887
183-7535p5_imp,106,352,106,354
183-753624-update_suite,30,95,30,95
184-26083pe4,193,664,193,666
185-16371Zada4aNo2,80,280,80,280
185-16961cohencu,74,258,74,258
185-21782testeDeCasoEspecial,80,264,80,266
185-30297progbar,263,921,263,921
186-11448000F_perf_001,116,398,116,398
186-14933hello-world,90,312,90,312
186-24756dw2-bad-mips-linkage-name,26,80,26,80
186-28038sepsymtab,21,67,21,67
186-294897-01sigmask,92,326,92,326
187-1239p39,216,742,216,746
187-13269exercise16,103,362,103,362
187-15537task_4,54,180,54,180
187-18084strspn,133,457,133,457
187-26512pr23386,99,330,99,330
187-4745testbed,290,1028,290,1028
187-9432continue-all-already-running,13,39,13,39
187-9759th,117,397,117,397
188-4550sss-bp-on-user-bp-2,18,52,18,52
188-7878structs,78,277,78,277
189-12218Exercise_1_8,76,262,76,262
189-22730exemple_mutex,156,538,156,538
189-24700main,241,845,241,845
189-6703prob0012,268,923,268,923
190-33379024,409,1420,409,1420
190-4874ex6,127,438,127,438
191-17101hook-stop-frame,24,78,24,78
191-18588random,125,438,125,438
191-1928system,105,365,105,365
191-29724q06,124,426,124,428
191-31545ex12,253,880,253,882
191-33601amd64-entry-value-inline,108,374,108,374
191-35133test_simple_big_sqrt,138,484,138,484
191-7048utmp,71,241,71,241
192-10002py-objfile-script,46,159,46,159
192-11574mem_set,45,150,45,150
192-1700pi_serial,106,368,106,368
192-19955show_bytes,142,496,142,496
192-2179QuickRename,604,2124,604,2124
192-22604zad1,231,820,231,820
192-24464malloc1,87,301,87,301
192-32159ho_memchr,100,340,100,340
192-35443py-value,140,493,140,493
193-15762trim,150,513,150,513
193-23996dos2mac,211,725,211,725
193-25546heap,211,733,211,733
193-9112MaiorDivisor,132,459,132,459
194-11630task_4,57,195,57,195
194-25122逆序交换,126,434,126,434
194-34049loop,48,158,48,158
194-3902bg-execution-repeat,17,56,17,56
194-6588largestSumContiguousSubarray,155,536,155,536
195-15137prob21,154,530,154,530
195-26584fibonacci,266,942,266,942
195-2756vrp90,92,305,92,305
195-30463rerun-prec,17,53,17,53
195-3921test_tableau,178,626,178,626
196-3484qtro,17,52,17,52
196-47432-10,244,842,244,842
196-9332term,9,25,9,25
197-21858bucket_brigade_silly_loop,218,766,218,766
197-22244task_2,80,278,80,278
197-23022Pyramid3,69,231,69,233
197-26978cursal,19,61,19,61
197-3321612_数组中元素的倒置,121,415,121,415
198-11580gdb11479,90,317,90,317
198-15464print,35,114,35,114
198-28218enable-running,99,336,99,336
198-32181pr68532,136,460,136,460
198-5510qtro,17,52,17,52
198-6902_8,214,744,214,746
199-106591_3,1464,5152,1464,5170
199-1286thdm,241,830,241,830
199-23881dynarr-ptr,19,57,19,57
199-28780semaphore_lock,339,1237,339,1237
199-33056write,176,644,176,644
200-11788epsilon,53,178,53,178
200-25657str_lower_case,260,946,260,946
200-26625QuadraticPrimes,268,923,268,927
200-268744b,207,740,207,740
200-27710euc,1353,4870,1353,4890
200-28412pr28982b,1094,3866,1094,3866
200-28447problem-023,248,856,248,856
200-8480dw2-undefined-ret-addr,15,47,15,47
200-8496normal,17,53,17,53
201-12695frame-args,73,256,73,256
201-19057Natural,115,397,115,397
201-24429exercise2_7,115,393,115,393
202-151647,259,895,259,897
202-8314step-break,37,124,37,124
203-22133dlugosc,96,342,96,342
203-27037enum2,49,160,49,160
203-34517watchpoints,57,195,57,195
204-13924tst-strptime2,145,503,145,503
204-16513pr81571,80,272,80,272
204-16834restrict,110,385,110,385
204-173128-Operators-other-plus-calls-types,67,236,67,236
205-10802ex04_27,300,1040,300,1044
205-33289Dane,75,255,75,255
205-4916001,124,418,124,422
206-16892atoi,132,455,132,455
206-17152arf,181,630,181,630
206-28020knr_3_5,320,1130,320,1130
206-297tree_2x2,1088,3884,1088,3884
206-3603arg_thread,139,491,139,491
207-16091palindrome,304,1069,304,1071
207-29425test-builtin-supports,30,97,30,97
207-6361task_1,146,515,146,515
207-7027unix2dos,533,1872,533,1872
208-10167argv,101,341,101,341
208-13024str_upper_case,260,946,260,946
208-15157pr11022,44,144,44,144
208-16904exce4,133,462,133,462
208-24427191_number_of_1_bits,84,288,84,288
208-2982320020402-3,296,1064,296,1064
208-33239Exercise-1-3,83,284,83,284
209-14052fiotemplate,50,167,50,167
209-14911powerOf,527,1850,527,1852
209-3688time_diff6,108,368,108,370
210-11266quick,392,1364,392,1364
210-24961isprime,82,276,82,276
210-295655-3,122,421,122,421
210-6564gcore-buffer-overflow,9,25,9,25
210-6578qt-faststart,2384,8677,2384,8681
211-10044test_wctype,1183,4300,1183,4300
211-13538binary_search_tree,495,1796,495,1796
211-16219pthread2,102,348,102,348
211-21922program1,121,411,121,413
211-27434pr64536,229,803,229,803
211-60481040,183,622,183,622
212-16827for2+init,79,261,79,265
212-23245printf_format_columns,100,343,100,343
212-28059puzzle,513,1795,513,1797
212-45annota-input-while-running,13,39,13,39
212-6960linklist,450,1596,450,1596
213-16016RecursiveIntersection,351,1270,351,1270
213-24434bubbleSort,87,293,87,293
213-26565dw2-dup-frame,15,47,15,47
213-6434dprintf-non-stop,17,56,17,56
214-1145320080122-1,204,718,204,718
214-29055filaApontador,271,957,271,957
214-30679paginate-after-ctrl-c-running,13,39,13,39
214-3322reverse_number,148,512,148,512
214-5384cond-eval-mode,67,226,67,226
214-5615actions-changed,103,382,103,382
214-7232p014,156,530,156,530
215-17687continue-all-already-running,13,39,13,39
215-2077box5,157,548,157,548
215-29695sample1,144,489,144,489
216-21649mk-lba-img,377,1315,377,1315
216-445pgm8-4,71,243,71,243
216-5214structs,318,1076,318,1076
217-17421PreorderTraversal,308,1085,308,1085
218-14701rand93,367,1299,367,1301
218-14785bug-regex23,37,123,37,123
218-24759prime,153,524,153,524
218-34843nofield,37,128,37,128
218-8070arecibo,475,1667,475,1671
219-27892negdf2vfp_test,13,39,13,39
219-4263ex8-5,46,157,46,157
220-22553Accumulate2,84,286,84,286
220-2465pointer,79,269,79,269
220-3876val-profiler-threads-1,205,696,205,696
220-9546merge_block,80,264,80,264
221-27221modular_exponential,128,443,128,443
221-30719test,236,835,236,835
221-4571sumarray,178,612,178,612
221-4976watchpoints,57,195,57,195
221-5741demo1,95,327,95,327
222-1714TriangleNum,171,590,171,590
222-17864fwrite_1,88,296,88,296
222-6101double-prompt-target-event-error,13,39,13,39
223-23617floatunssisfvfp_test,13,39,13,39
223-31978pr94734,343,1201,343,1201
223-32251test-ctype,472,1690,472,1690
223-33519ret_thread,154,541,154,541
223-736sigPrint,77,263,77,263
224-12935variant,47,152,47,152
224-20776lfsr128,280,990,280,994
224-6279list,595,2150,595,2150
225-1069for_2,44,144,44,144
225-15006find_track_oo,138,473,138,473
225-18582sigdemo1,62,205,62,205
225-33873rand100,230,803,230,805
225-697pr77988,93,308,93,308
226-11700test_file,82,276,82,278
226-12269vla-ptr,136,470,136,470
226-13334game31,248,887,248,887
226-14547power_digit_sum,410,1439,410,1443
226-15616mi-stepn,36,116,36,116
226-27868mv,142,492,142,492
226-31115binary_search,300,1039,300,1039
227-17609test_perfect_hash,478,1661,478,1663
227-19237thresholds,72,256,72,256
227-28565gst-play-vr,17,53,17,53
227-30462p1,222,768,222,770
227-35208gdb1090,46,156,46,156
228-31542testCEx,340,1201,340,1201
228-33163maybe_hug,137,490,137,490
228-4779test-term-5,111,385,111,385
229-15904p3,497,1762,497,1762
229-21322euler4,206,712,206,714
229-5381point-size,60,202,60,202
230-27625solution_1,109,370,109,372
230-28646reverse_string,191,666,191,666
230-28733pr68376-1,99,331,99,333
230-5234test049,30,94,30,94
230-5892test_free,129,451,129,451
230-8038hw1,167,578,167,578
231-19156big5,344,1186,344,1190
231-35339printenv,49,162,49,162
231-6843rev_k_node,257,927,257,927
232-1887HeapPointer,131,453,131,453
232-23481wrapper,19,60,19,60
232-23868ascii,107,358,107,360
232-29394rwlock,93,316,93,316
232-31619dw2-inline-param-main,18,54,18,54
232-5707ho_strncat,173,612,173,612
232-6927malloc_hook,122,430,122,430
232-9412unknown_functions,22,74,22,74
233-17419evenfib,79,273,79,273
233-21478trace-break,28,93,28,93
233-7853benchmark_loop,62,207,62,207
234-24632rand22,359,1268,359,1270
234-25058unknown_functions,22,74,22,74
234-27088bench,1749,6204,1749,6232
234-3021trimzero,160,578,160,578
234-30273watchpoint-multi,77,263,77,263
234-5533paginate-after-ctrl-c-running,13,39,13,39
234-7071mkkbdtbls,366,1299,366,1303
235-16000optimise1,46,149,46,149
235-292exemple_clock,210,725,210,727
235-30129002,90,311,90,311
235-778step-break,37,124,37,124
236-10004shellsort,369,1278,369,1280
236-21318section-attr-2,127,426,127,426
236-3034fib,107,367,107,367
236-32770largest_prime_factor,247,869,247,869
236-5750SquareDigitChain,169,581,169,581
237-16682manythreads,185,640,185,644
237-20546Matrix_Multiplication,274,961,274,967
237-38Problem_23,340,1183,340,1185
237-5788Sequence,55,179,55,179
238-1117flatten,419,1596,419,1596
238-3489310,155,528,155,528
238-57253,313,1102,313,1102
238-7551exce5a,170,582,170,582
239-14204struct_init,19,60,19,60
239-14369aspace,37,127,37,127
239-28913pr98474,84,286,84,286
239-30806pr65053-1,76,258,76,258
240-16214test-fmemopen,55,187,55,187
240-19435hw54,184,636,184,636
240-4693dw2-bad-unresolved,9,25,9,25
240-791020041219-1,99,343,99,343
241-21110p67,51,173,51,173
241-22999student2,56,200,56,200
242-13979main,186,633,186,637
242-16051reverse_number,74,258,74,258
242-29518bitfld-4,92,234,92,234
242-30627atoi,81,279,81,279
242-35318weird_coding_style_1,40,130,40,130
242-6520sss-bp-on-user-bp,17,55,17,55
243-33252paginate-inferior-exit,16,50,16,50
243-8539list1,132,477,132,477
244-12236urlify,442,1546,442,1550
244-15100pthread,94,324,94,324
244-1795return,95,329,95,329
244-2813infcall-input,24,79,24,79
244-3752handler,56,186,56,186
244-5387冒泡排序,241,834,241,836
244-7442hello,13,39,13,39
244-794sample_sum_prime_numbers,237,820,237,820
245-10337217_contain_dup,144,491,144,491
245-19113break,55,180,55,180
245-28302day_mon1,113,389,113,389
245-319undefined,103,355,103,355
245-32182mkNamedPrims,116,403,116,403
245-4781void__float,131,454,131,454
246-6000cacheExperiment,114,385,114,389
246-7854warn-missing-prototypes,83,268,83,268
246-8116sepdebug2,9,25,9,25
246-8407break_continue,201,690,201,690
247-20899a2,158,547,158,547
247-2620bug,44,142,44,142
247-31043testenv,109,376,109,376
247-35239limits,55,191,55,191
248-13749linked_list,115,399,115,399
248-1906loop-ivopts-1,168,579,168,581
248-32978SrotTheInnerCtonnetInDsinnieedcgOredr,486,1753,486,1753
248-34377condvar,66,230,66,230
249-34196test-fwrite,204,727,204,727
249-5128tick,48,160,48,160
249-5257gdb11479,90,317,90,317
250-11761signest,75,258,75,258
250-27179reverse_string,519,1869,519,1869
251-16988squeeze,236,821,236,821
251-25291xor,294,1033,294,1033
251-26765amd64-tailcall-reverse,21,68,21,68
251-27460main_dummy,87,330,87,330
251-33037030,130,444,130,444
252-10421test1,142,491,142,491
252-1966exemple_gethostent,50,170,50,170
253-1006e5,104,339,104,341
253-10788Performance2,197,704,197,704
253-34286test-fwrite,204,727,204,727
253-662code_elim1,19,60,19,60
253-735py-strfns,35,117,35,117
253-9316paginate-inferior-exit,16,50,16,50
254-18141iterator,82,279,82,279
254-27187args,86,297,86,297
254-4346skip-prologue,63,218,63,218
254-5743sizeof,95,324,95,324
254-9226exemple_getprotoent,50,170,50,170
255-10765pr44715,780,2829,780,2829
255-20634linked_list1,126,447,126,447
255-24634task1,43,141,43,141
255-322341-8-arguments,60,199,60,199
255-6658ex12,102,346,102,346
255-8775pointer_linklist,750,2665,750,2665
256-31658meteor,4275,15232,4275,15244
256-32455ex05_20,87,294,87,296
257-12687BST_height_depth_of_node,882,3178,882,3178
257-13192ex3,129,458,129,458
257-3275utf8,346,1197,346,1203
258-16270misaligned-words,97,333,97,333
259-16244sepsymtab,21,67,21,67
260-10897while2,69,226,69,226
260-11248step-resume-infcall,26,91,26,91
260-11765majority-element,439,1534,439,1534
260-26387printf_examples,61,205,61,205
260-2810pr88693,141,502,141,502
260-28473workbeast2,67,229,67,229
260-29896hamming1,409,1430,409,1432
260-3151program2,251,909,251,909
260-3255mem_errors,137,501,137,501
260-34521ex6,213,744,213,744
260-5963solution,114,398,114,398
260-8865vm0,140,476,140,476
261-14481hardstride,126,442,126,442
261-20542memattr,9,25,9,25
262-14918solve,367,1279,367,1279
262-15051check-macros,9,25,9,25
262-1583whologgedin,17,54,17,54
262-19610strcpy,73,253,73,253
262-21297matmul0000,241,840,241,846
262-27002ortalama,147,509,147,509
262-323617,225,779,225,779
262-484714,159,552,159,552
262-7623pthread_create_with_param,108,382,108,382
263-24559p1,83,281,83,281
263-7030paginate-after-ctrl-c-running,13,39,13,39
263-7863pair-numbers-using-for,45,146,45,146
264-15031pe024,227,790,227,790
264-20591ascii,56,184,56,184
265-1278integer_factors,62,208,62,208
265-17347main,458,1624,458,1624
265-18503lst_no_head,169,585,169,585
265-20242swap_str_arr,383,1351,383,1351
265-30827pr78248,109,366,109,368
265-30986globalerr,82,278,82,278
265-33605server,17,53,17,53
265-3691Exercise3-06,447,1566,447,1566
265-4481omp3-1,314,1089,314,1097
266-10383argv,65,219,65,219
266-29346timer_implementation,85,293,85,293
266-35386a2a,113,391,113,391
266-4163InsertionSort,235,818,235,818
267-16028seq_vec_sum,241,845,241,845
267-24954sleep,79,270,79,270
267-27432trapkid,67,236,67,236
267-32913param,67,228,67,228
268-16751pi_original,889,3161,889,3161
268-3031820170419-1,70,236,70,236
268-30454py-objfile-script,46,159,46,159
268-32854test_wcfuncs,314,1116,314,1116
268-7369stop-all-on-exit,15,46,15,46
269-21870test_args,62,209,62,209
269-28028dw2-undefined-ret-addr,15,47,15,47
269-29513cap,71,243,71,243
269-32268bin2c,341,1203,341,1203
269-4145QuickSort,311,1096,311,1096
270-20129startup-with-shell,69,233,69,233
270-32575sigaction,96,331,96,331
270-5135quick_sort,364,1267,364,1267
270-6345bitflip,192,678,192,682
271-10922triplet,203,706,203,706
271-11983simplestatemachine,75,250,75,250
271-29927permutations_of_string,259,913,259,913
271-30182circularlinked,127,458,127,458
271-49773,172,589,172,591
272-14706bubble_sort_v1,226,792,226,792
272-7484gemver_profiling,234,821,234,823
273-19149cursal,19,61,19,61
273-21009sleep_before_dying,33,110,33,110
273-4367fib_bottom,135,474,135,474
273-9285sum,86,295,86,295
274-14823matrix-row-column-order,1837,6550,1837,6568
274-2603211,277,969,277,973
274-8828new-ui-pending-input,13,39,13,39
275-15430simpleVersion,359,1240,359,1240
275-31478duplicate-bp,16,52,16,52
275-33285hilos,140,475,140,475
275-33407break1,64,216,64,216
275-6578pr94567,139,465,139,465
276-11530hello,21,67,21,67
276-27621thread,107,369,107,369
276-33239pthread,287,998,287,998
277-10814tids-gid-reset,9,25,9,25
277-17112backtrace-tst,229,794,229,794
277-26942sumArraysOnHost,265,936,265,936
277-28581exercise_10_03,160,585,160,585
277-6916box2,154,529,154,529
277-7374qsort,442,1574,442,1574
278-12713find_missing,394,1365,394,1365
278-12978pth_cvsimple,187,654,187,654
278-16145zad4,161,570,161,570
278-28600dw2-icycle,9,25,9,25
278-54941096_sequence_ij_2,70,227,70,229
279-23564step-break,37,124,37,124
279-29319step-break,37,124,37,124
279-32549mi-syn-frame,74,247,74,247
279-8672C2,356,1284,356,1284
280-10868py-breakpoint,101,345,101,345
280-16725p2,473,1676,473,1680
280-16849int__int,110,381,110,381
280-27836displayingno,40,133,40,133
280-4047questao10,181,623,181,623
280-8387gen,76,254,76,254
281-10971del,9,25,9,25
281-14488count_set_bits,59,201,59,201
281-16822pr69067,107,361,107,361
281-30836randomize,23,76,23,76
281-31036sizeof,100,343,100,343
282-22961pr46685,89,300,89,300
282-23114insert_sort_list,382,1354,382,1356
282-30350echo,80,273,80,273
282-31353arrays,63,214,63,214
282-34128locked_vs_unlocked3,273,1018,273,1018
283-12475paginate-inferior-exit,16,50,16,50
283-15225dw2-single-line-discriminators,35,112,35,112
283-18010fortran-sym-case,17,53,17,53
283-2644126-strict-loop-enter,73,239,73,239
283-5136test,72,238,72,240
285-18854dir2,90,303,90,303
285-2317py-mi-events,31,100,31,100
285-27760binary_search,198,690,198,690
285-31406TLE,37,122,37,122
285-597test-getdomainname,19,60,19,60
286-1472countdown,131,449,131,449
286-23371code,154,524,154,528
286-345879-print_comb,63,211,63,211
286-48646-refine-protected1,72,248,72,248
286-8707ch04pr09a,51,173,51,173
287-1505709-wan,95,325,95,327
287-26959array_transpose,252,878,252,884
288-20851paginate-after-ctrl-c-running,13,39,13,39
288-2612fixmewithvalgrind,85,291,85,291
288-34432paginate-after-ctrl-c-running,13,39,13,39
289-4934target,38,123,38,123
290-11979ex04_13,54,180,54,180
290-11990sleep1,35,116,35,116
290-12102sleep_before_dying,33,110,33,110
290-13709pr83298,48,156,48,156
290-357503,376,1330,376,1330
291-12040euler7,154,528,154,528
291-12759bubble_sort,322,1122,322,1124
291-31893test,192,663,192,663
291-34982pi,102,352,102,352
292-11288CProgram4,131,456,131,456
292-13873sorted_insert,305,1067,305,1067
292-18502time_diff2,60,206,60,206
292-20650DeleteNodeDLL,301,1083,301,1083
292-28029find_duplicate_members,139,473,139,475
292-31553tst-fdopen,205,729,205,729
292-32802problem10,203,694,203,696
292-34570test-scan-pthread,184,646,184,648
293-1548211,503,1812,503,1814
293-25545test6,162,567,162,567
293-31786enum_3,18,60,18,60
294-16285ex05_31,99,343,99,343
294-21030problem_four,295,1025,295,1027
294-28438amicable_numbers,182,625,182,629
294-31313memattr,9,25,9,25
294-4547recipe-576772,165,578,165,578
295-17082zad4,69,244,69,244
295-21387struct4,153,532,153,532
295-4807hook-stop-frame,24,78,24,78
296-23369histo,171,596,171,598
296-27161dw2-bad-mips-linkage-name,26,80,26,80
296-9134ex012_missing2,69,234,69,234
297-10865crivello_eratostene,175,598,175,600
297-18335approx-pi,239,837,239,837
297-26394ktstamp,81,280,81,280
297-30183exemple_semaphores,158,550,158,550
297-321832017-02-22-Strings,152,543,152,543
298-1086059,623,2185,623,2189
298-23874Argc,65,219,65,219
299-12964sort,1925,6850,1925,6850
299-19015Length_of_Linked_List,162,600,162,600
299-32708geradorTemporadas,61,206,61,206
299-7473code21,42,142,42,142
299-8032rand_perm,505,1812,505,1812
300-15597ipcp-self-recursion-1,149,508,149,508
300-27185task_2,98,330,98,330
300-28286LeetCode0315,813,2907,813,2907
300-467920000329-1,64,213,64,213
301-14327bubble,138,481,138,483
301-15654new-ui-pending-input,13,39,13,39
301-16301smallest_multiple,97,323,97,323
301-22486fig1b,102,344,102,344
301-2478struct,110,379,110,379
302-24883tc14_laog_dinphils,196,684,196,684
302-30255gcov-1a,36,116,36,116
302-32951pr93820,88,296,88,296
302-8619all,81,277,81,277
303-18780app-console,27,89,27,89
303-19909peak,58,196,58,196
303-25346disconnected-tracing,15,47,15,47
303-30727dprintf-non-stop,17,56,17,56
303-31275main,67,224,67,224
303-33904problem_five,132,451,132,451
303-34518insert_sort,258,897,258,897
304-13054main,21,67,21,67
304-13086envtime,55,183,55,183
304-13860simple_threads,321,1150,321,1154
304-9724069,114,389,114,389
305-11308pr57344-1,75,251,75,251
305-15481breakpoint-shadow,15,47,15,47
305-16651data,74,253,74,253
306-27484jump_game,257,898,257,898
306-8066even_fibonacci,83,285,83,285
307-32125code,85,285,85,285
307-34513bubble_sort_v2,251,878,251,878
308-10554intfloatprint,22,70,22,70
308-1569enum,78,265,78,265
308-2427sizeof,25,88,25,88
308-30843tls-var-main,12,36,12,36
309-16838dprintf-non-stop,17,56,17,56
309-32647traced_c_loop,42,138,42,138
310-17151pgm7-6,62,208,62,208
311-1974120081218-1,140,478,140,478
311-2182vetor2,91,319,91,319
311-26435pr88984,57,187,57,187
311-26821ex11,210,732,210,732
312-13565test054,46,153,46,153
312-24043rand68,393,1405,393,1407
312-25158BuildTower,396,1415,396,1415
312-3522show-bytes,162,567,162,567
312-4052jacobi2,155,535,155,539
312-5913thread_leak5,50,165,50,165
313-30660034,120,408,120,408
313-32371task_4,55,186,55,186
313-33584square-sum,108,377,108,377
313-461isPall_ignorePuncCap,275,970,275,970
314-3805getc,67,223,67,223
315-11257compile-tls,16,50,16,50
315-2034t-dummy,17,53,17,53
315-31685bitshift,67,232,67,232
316-21581exce7,230,794,230,796
316-23045pages_as_heap,138,464,138,468
316-2342ex12,99,335,99,335
316-26034libmax,106,359,106,359
316-9581main,255,902,255,902
317-2728binarySearch,189,655,189,655
317-851pr68185,145,469,145,475
318-12384double-prompt-target-event-error,13,39,13,39
318-22490likedlist,537,1941,537,1941
318-4890thread,115,395,115,395
319-31908get_individual_bytes_with_array,57,188,57,188
319-7723term,9,25,9,25
320-17374tree,636,2311,636,2311
320-32425bubbleSort,261,907,261,907
320-483sketch1,192,667,192,667
322-227rwlock_race,117,420,117,420
322-6437generate_input,58,196,58,196
322-871FindTheSmallest,702,2528,702,2528
323-15077tabela,56,188,56,188
323-1618fopen,66,225,66,225
323-26798stringANDarray01,146,511,146,511
323-9628fio31,78,271,78,271
324-12056double-prompt-target-event-error,13,39,13,39
324-15333mclean,1203,4220,1203,4220
324-263491189,180,617,180,617
324-31749print_ascii,43,141,43,141
324-35035sudoku,718,2502,718,2508
325-26168ch27_drill,57,196,57,196
325-30042memmem_funz_gen,408,1491,408,1491
325-4606tc14_laog_dinphils,196,684,196,684
326-22210print_bits,77,259,77,259
326-32941magic_puzzle,1417,5357,1417,5357
326-35343sum_swap,518,1875,518,1877
326-7657trailing_zeros_factorial,232,792,232,792
326-982747_permutation_II,447,1588,447,1588
327-10398problem_nine,136,471,136,471
327-11474fortuneindex,274,962,274,962
327-20440new-ui-pending-input,13,39,13,39
327-21202find_track_oo,138,473,138,473
327-26416gdb1090,46,156,46,156
327-28921thread,18,58,18,58
327-9013multiples,55,183,55,183
328-27095pr57344-4,75,251,75,251
329-14322ex05_41,147,512,147,512
329-30853ex14,230,795,230,795
329-33038EqualSidesOfAnArray,433,1592,433,1592
329-33660DelayTest,84,292,84,292
330-10720pr83668,132,431,132,437
331-11637locking,108,381,108,381
331-1322array_bidimensional,120,417,120,419
331-28139aspace,54,193,54,193
331-9783p94,248,875,248,875
332-17490j014c,9,25,9,25
332-18760split2,217,768,217,768
332-21624randomize,23,76,23,76
332-22164pr80308,127,436,127,436
332-22290tc14_laog_dinphils,206,724,206,724
332-27733pr63464,611,2143,611,2143
332-28016029,325,1147,325,1147
332-3388ex1,40,130,40,130
332-34202c-,83,285,83,285
332-6806lonely_integer,222,795,222,795
334-14082rasa,223,784,223,786
334-69392017-02-16-Fibonacci,90,310,90,310
334-86946,187,672,187,672
335-17561stpcpy,157,544,157,544
335-22216structs3,23,74,23,74
336-1587main,59,198,59,198
336-19986basic,89,300,89,300
336-23208Queue_using_Linked_List,219,790,219,790
336-24583cursal,19,61,19,61
336-2471new-ui,26,107,26,107
336-31698zero_sign_extension,168,596,168,596
337-20021echo,45,148,45,148
337-28842t-tests-end,9,25,9,25
337-33504cstrings,184,677,184,677
337-34808229,514,1805,514,1805
337-9742fig06_06,71,241,71,241
338-21843RecursiveTest,171,589,171,589
338-6482watchpoint-hw,9,25,9,25
338-6760list_errors,734,2654,734,2654
339-15920eg10_21,114,419,114,419
340-21526task_3,265,930,265,932
340-23702DoubleLinkedList,509,1837,509,1837
340-30381main,124,425,124,425
340-32770cptr1,122,418,122,418
340-34948obfuscate,959,3455,959,3455
341-27930T4_1_a,103,367,103,367
341-32127watchpoint-multi,77,264,77,264
342-24042pr87168,111,362,111,362
342-31743ex002,124,428,124,428
342-33622loop,38,123,38,123
343-30500races3,511,1849,511,1851
343-33554PE002,85,293,85,293
344-10479mem_errors,159,588,159,588
344-10567task1,72,245,72,245
344-11547asm,78,265,78,265
344-21460ch07ex05,76,260,76,260
344-2180interrupt-noterm,13,39,13,39
344-27597buffer,121,427,121,427
345-1518load,125,422,125,424
345-22298prime,137,463,137,463
345-26470sleep,21,67,21,67
345-32716continue-all-already-running,13,39,13,39
345-617reverse_list,165,589,165,589
346-10639pr97467,65,217,65,217
346-17564array,74,251,74,251
346-27779alphasort,90,305,90,305
346-28768p24,547,1904,547,1920
347-15138readsymlink,96,333,96,333
347-19818findMinMax,207,718,207,718
347-25221thread_multiple_params_example,113,396,113,396
347-5887imprimindo,57,190,57,190
348-10151mini-mini,85,298,85,298
348-6626ex2,100,342,100,342
348-8804asciitable,166,570,166,570
349-1389236,103,357,103,357
350-1694arodriguez154,23,75,23,75
350-2242223591_thread-1,142,494,142,494
350-29289encrypt,88,307,88,307
350-3773swatchtime,46,155,46,155
351-17280svcomp_genady_true-alloca,77,261,77,261
351-31195problem84,807,2825,807,2825
351-8871_7,111,377,111,377
352-11585info_types,33,110,33,110
352-18031ex14-1,196,680,196,682
353-29632bstree,575,2073,575,2073
353-29823bucket_sort,483,1726,483,1726
353-778arr-subrange,9,25,9,25
354-12170py-frame-args,86,301,86,301
354-136133_4,242,847,242,847
354-29497heapsort,689,2500,689,2500
354-6478py-objfile,12,37,12,37
355-10969FindInPartiallySortedMatrix,271,938,271,938
355-21797LeetCode0051,1302,4601,1302,4609
355-26831while4,54,184,54,184
355-34705threadSort,649,2288,649,2288
356-1859convert,75,256,75,256
356-22780burgers,1353,4834,1353,4840
356-2654test,71,244,71,244
356-3531bg-execution-repeat,17,56,17,56
357-12046task_3,206,716,206,716
357-6533christmas_tree,298,1037,298,1049
357-7457burst_time,42,142,42,142
358-21915program2,246,913,246,913
358-32653pr33755,76,251,76,251
358-34301vararrays,102,350,102,350
358-5946fib,80,273,80,273
359-10424py-symbol,54,185,54,185
359-18013rot13,130,449,130,449
359-2210420000717-4,38,128,38,128
359-22399BankAccount,99,364,99,364
359-28910okimtest,138,505,138,505
359-356arrays,68,228,68,228
359-5231fission-base,24,77,24,77
360-12147planet,154,529,154,531
360-13858pr95045,154,514,154,520
360-21005thread_leak5,50,165,50,165
360-2648reloc4lib2,112,381,112,385
360-29180str,82,274,82,274
360-3617test_flush_logger,68,233,68,233
360-6018thread,18,58,18,58
361-5668bg-execution-repeat,17,56,17,56
362-20135debug-info-gline-tables-only2,9,25,9,25
362-2856734_srch_in_range,286,993,286,993
362-33227echo,84,288,84,288
363-15751ArbitraryPrecision,307,1074,307,1076
363-26280order_pizza,191,653,191,653
363-26435hilos_exit,159,550,159,550
363-6788cont2,46,151,46,151
364-16603ldbl_e308,16,49,16,49
364-34811switch-1,49,158,49,158
365-17559sec_multmatrixseq,579,2038,579,2048
365-24908vla,82,281,82,281
365-25449py-objfile,12,37,12,37
365-6723collisions,498,1748,498,1748
366-1264my_alarm,87,295,87,295
366-18398setvbuf,45,170,45,170
366-21230eg0601,112,394,112,394
366-28450IsMyFriendCheating,443,1578,443,1578
366-4006ejemploOptimizacion,127,432,127,432
366-74713,103,369,103,369
367-1062Test_print_stack,97,342,97,342
367-12487test,89,300,89,300
367-15234pthread,167,578,167,578
367-1888show_byte,83,285,83,285
367-30759pr80153,181,633,181,633
367-34398alg,598,2120,598,2120
367-9893main,112,389,112,389
368-28469insertionSort,206,714,206,714
368-748py-arch,9,25,9,25
368-9336hello_multi,82,282,82,282
369-15663leaks,185,650,185,650
369-15781exce14c,257,895,257,899
369-29163array_product,491,1808,491,1808
369-4807methcall,464,1654,464,1654
369-631py-block,44,149,44,149
369-7477HowFastIsYourComputer,55,182,55,182
369-9898atoi,117,399,117,399
370-1475problem_5,118,387,118,389
370-21436csandoval5,23,75,23,75
370-26971prog56,38,125,38,125
370-7306xorpad,259,909,259,909
371-15068mem_dump,189,666,189,666
371-23398knr_strcpy,83,286,83,286
371-31358masked,257,897,257,899
372-11428continue-all-already-running,13,39,13,39
372-15635break,55,182,55,182
372-28707swab,100,365,100,365
372-28831putenv_test,125,436,125,436
372-30425task1,45,149,45,149
372-4635count_twos,515,1842,515,1842
373-16799pthread_threads,54,194,54,194
373-26555strncmp_example,104,362,104,362
373-30652pr87290,317,1129,317,1131
373-8733py-section-script,46,159,46,159
374-11259Example5,43,140,43,140
374-13879get_hash_string,135,463,135,463
374-14407setmem_long-1,213,742,213,742
374-17335step-break,37,124,37,124
374-20172gcov-9,30,95,30,95
374-22426infcall-input,24,79,24,79
374-2965for+continue,63,201,63,201
375-15705mmalloc,232,826,232,826
375-25509pthread_join,88,300,88,300
375-31289str_with_backspace,282,994,282,994
376-10146reverse_bits_of_an_integer,331,1193,331,1193
376-10864sleep1,76,260,76,260
376-14507q33,25,91,25,91
376-20420loop_de_inteiros,38,125,38,125
376-6542strncmp,380,1383,380,1383
377-16402pr95172,59,188,59,190
377-2651py-pp-maint,115,410,115,410
377-26933shift-1,65,226,65,226
377-30730goldbach,231,789,231,793
377-34220main,82,282,82,282
378-15174cache4,78,262,78,264
378-2004p14,143,490,143,490
378-3907palindrome,214,740,214,742
378-8778step-symless,26,89,26,89
379-16953gcore-buffer-overflow,9,25,9,25
379-3080157-singlethreaded-unlock,50,168,50,168
380-20047007,104,347,104,347
380-33023py-progspace,9,25,9,25
380-3754address_space,28,88,28,88
381-1411reverse-bitwise,263,938,263,938
381-29250gen,70,231,70,233
381-6056t03,36,118,36,118
381-718804斐波那契函数_Fibonacci,193,696,193,696
382-17602fibonacci,99,340,99,340
382-25640suspect,277,978,277,978
382-27996cond_variables,97,342,97,342
382-28395christmas_tree,169,583,169,587
382-31745C,346,1229,346,1229
382-347920100430-1,170,617,170,619
382-35394while_nested,53,175,53,175
383-17776test_sleep,17,54,17,54
383-305470X0053,47,156,47,156
384-12376complex,231,872,231,872
384-13282dwp-symlink,17,53,17,53
384-14432sleep_example,65,220,65,220
384-17633reverse_string,133,457,133,457
384-29437tests_generator,169,618,169,618
384-8346pdb-realloc,121,415,121,415
385-12512kmcashan1,23,75,23,75
385-2345214,136,464,136,464
385-28034echo_1,79,271,79,271
385-9489ex12_15,571,2031,571,2031
386-12150ex5-4,62,213,62,213
386-2238exemple_calloc_3,75,253,75,253
387-11443main,230,812,230,814
387-14056p18,563,1996,563,1996
387-1718p052,249,874,249,874
387-17584solution,67,226,67,226
387-27087jit-simple-dl,9,25,9,25
387-27335xbug,323,1154,323,1154
388-30347initials,113,388,113,388
388-6469test_time,48,161,48,161
389-18604gcore,134,464,134,464
389-19687decl_status_code,45,154,45,154
389-20762solution,317,1115,317,1117
389-3355choose_idea6_other1,248,868,248,872
389-7792nestedloop3,55,174,55,174
390-29714005clock_sync,851,3005,851,3005
390-32805test_mutex_cond,180,633,180,633
390-3599fibonacci,160,563,160,563
390-4672bp-cmds-execution-x-script,62,210,62,210
391-24817pattern_3,70,233,70,235
391-465mystrcpy,113,389,113,389
392-11095fast_union_slow_find,341,1204,341,1204
392-20285dirent,96,326,96,326
392-32672memcmp,320,1147,320,1147
392-34916heap_sort,473,1686,473,1686
393-24370paths,1429,4742,1429,4742
394-12965pgm8-15,58,198,58,198
394-14057gdb11479,90,317,90,317
394-20669test_gcov,74,246,74,246
395-14510program2,121,411,121,413
395-24478test-hello-space,27,88,27,88
395-30201step-break,37,124,37,124
396-29283maximum_sum_increasing_subsequence,331,1149,331,1151
397-10867dprintf-non-stop,17,56,17,56
397-22068hardguy,44,145,44,145
397-22626reverse-list,254,924,254,924
397-26862malloctest2,360,1291,360,1293
397-3287sizes,67,226,67,226
