name,num_node,num_edge
000-1178select-sort,616,1028
000-12636thread,91,163
000-15547exerc09,260,426
000-29394run34,203,336
000-35499main,52,82
000-6282tester-5,372,610
000-7470thread,340,620
001-15285problem7,151,247
001-21665rain,201,331
001-27084p270_sleep2_setjmp,58,102
001-35337questionTwo,239,402
001-960725,105,168
002-1248302mutualExclusionWithSem,235,424
003-15874Tarea41,83,149
003-17973insertion_sort,270,441
003-27583clock,52,91
003-2944556_merge_intervals,793,1351
003-32982realloc,118,198
003-5730signaldemo1,42,71
003-5965christmas_tree,110,190
004-19423jit-reader-execd,15,21
004-25993val-prof-4,114,178
004-26230player1,192,327
004-27100cmdLine,61,97
004-32098threads,193,320
004-4020test,329,571
005-14858D3DC,58,92
005-7068echo,118,195
005-8796lis,295,483
005-9009tt,211,371
005-9841task3,93,145
006-14941mamemaki,235,378
007-14480vla-stub,7,9
007-31877compile-print,7,9
008-28943infcall-input,19,33
008-29214vrp1,94,156
008-30047mythread2,135,227
008-3866tmpnam,67,108
008-4370ReplaceBlank,248,399
009-14187nofield,34,56
009-20916bubble_sort,182,301
009-21072link_list,404,694
009-2796disasm-end-cu-1,33,50
009-28727mtdm,143,244
009-297486,108,181
009-8719pr11022,38,58
010-25642tst-definitions,18,29
010-27366problem2,74,121
010-2826array,140,257
011-29480py-pp-maint,107,182
012-18959watch-bitfields,352,590
012-6739qt-faststart,2276,3911
012-7113rand18,203,345
013-1096hook-stop,31,50
013-6163bytetostring,292,472
013-7468pr86714,85,134
013-8067millipede,143,235
014-2796850,308,503
014-5010test-atomic_store,24,37
015-21469sigchld,32,57
015-22699multiple,74,123
015-22869task_4,58,92
015-22880memory-stress,60,94
015-27833locked_vs_unlocked2,344,679
015-35357test_tile,48,75
016-10867signal_test,175,335
016-22341mkconv,144,231
016-2341test,86,142
016-33539shell_sort2,271,439
016-34754env2,666,1138
016-6021localVarsLoop,21,34
017-11584pointers_loop_true_assert,60,95
017-19342task_5,64,99
017-241bitfld-4,50,52
017-32890pth_detached,372,670
017-4843test7,58,95
018-1674mem,80,127
018-20920py-pp-registration,75,126
019-14152init,11,16
019-27946workbeast,34,51
020-24579del,7,9
021-15858biggest_number_of_array,113,181
021-17632task_2,87,141
021-20657exemple_malloc_1,65,104
021-7166monkey,109,178
022-22876ftrace,48,80
022-33504test_swab,93,173
023-20852disp-step-vfork,88,155
023-30037pe18,219,367
023-32585py-arch,7,9
024-12082week2_day1_maopao,201,338
024-27020threadtest,117,197
024-29015continue-all-already-running,10,15
024-5866extebdsfdf2vfp_test,10,15
025-15913isspace,159,272
025-644gdb_example,109,181
026-32605ex03_40,63,104
027-14045ex7,107,172
027-26190NetBSD_loop,101,167
027-26679finvTable,385,627
027-28157val-prof-6,48,76
027-28741main,115,197
027-29273ll_cycle,435,831
027-2954ex13,106,170
027-7716watch-vfork,43,70
028-10344switch-threads,70,119
028-17195main,316,528
028-18541step-over-vfork,88,155
028-24638pr97695,102,167
028-34626Exercise-2-6,224,356
029-10108gdb1821,12,15
029-17241hilosyvariables2,126,219
029-2070120061031-1,89,134
029-28187pthread_exit,89,149
029-7574realloc,171,279
029-7910dummy_main,7,9
030-23137p073,685,1133
031-12718select_sort,210,339
031-12859my_test,106,172
031-18745urandom,279,460
031-22590exemple_argv,67,106
031-6688deep,140,242
032-10353pointer,746,1270
032-16238reverse,109,171
032-22957manythreads,162,272
033-15392fizzbuz,101,166
033-91201creatingThreads,143,250
034-10339interrupt-noterm,10,15
034-1229crazy-swap,103,161
034-16301breakpoint-in-ro-region,20,45
034-26697qsort,403,658
034-29908many-types,45,72
034-34485_per,183,306
035-11693memfuck,37,57
035-137141-5,49,74
035-25137pr91190,180,280
035-29328double_to_binary,107,175
035-4268pr91293-1,85,132
036-11431revision1,86,141
036-32323continue,55,90
037-24655bfp-test,16,18
037-29054malloc_perf,40,65
038-11057Peakfinder,528,877
038-9527pr11022,38,58
039-14676status-stop,33,56
039-153013,130,211
039-17276implref-array,8,10
039-17506argv0-symlink,15,21
039-19041narnia8,113,186
039-4014fp_race,176,317
039-9827main,57,96
040-13264while2,34,57
040-27018thread_test,140,234
040-32272f-29-4-10,171,283
041-11888array_typedef,92,148
041-17240keywords,44,75
041-22551py-breakpoint,90,145
041-25768scm-math,15,21
041-25976bitfld-7,16,20
041-32163pattern_8,58,94
041-4355sumit,50,78
041-6896parse_data,80,128
042-30905interrupt-noterm,10,15
042-31353dga_ramdo,262,434
043-10278newton_raphson,128,212
043-111754741_factorial,345,589
043-13844task_5,60,97
043-15260006-whilestmt,29,44
043-19775brand,285,469
043-26859exemple_flush,56,100
043-28598thread_create,214,371
044-16186j014b,7,9
044-19321sum,68,112
044-245260X0073,446,756
044-26825predcom-6,74,118
044-30873heap_sort,501,817
044-32477break-reverse,25,46
044-33300pointers,201,352
044-33647chansheng,30,47
045-18778Undefined,76,126
045-2079009,51,83
045-22501j009a,23,35
045-3285hold_lock,201,382
045-365sizeof,158,302
045-7468simple_thread,88,154
046-15023quickSort,258,421
046-29343py-progspace,7,9
046-2960646_permutations,550,942
046-32742resolve_test,24,48
046-7581prog08b,51,81
047-10569save-bp,32,55
047-10949val-prof-4,114,178
047-23130GopanReps-CAV2006-Fig1a_true-termination,51,83
047-245951098_sequence_ij_4,110,174
047-29636200t,39,63
047-31117filesym,17,27
047-32078ascii2,41,62
047-849main,201,338
047-8651problem_two,125,213
048-10810scm-disasm,7,9
048-13106binary-formats,12,15
048-13514force-parallel-6,191,314
048-22728beginer_1,85,140
048-2342001variousThreadsMain,143,250
048-2415515_dekker_true-unreach-call,97,181
048-33667foll-vfork,111,192
048-34449while,138,224
048-51count_ones,114,195
049-148351064,189,308
049-15810crackme_regex_fsm,185,298
049-25599stack_list,222,398
049-2654121,169,270
049-30249structs3,21,30
050-11220modulo,31,47
050-12051Queue_Linked_List,189,340
050-27876counting-sundays,228,381
050-33543lcs,664,1110
051-18616ex11,103,166
051-2717403-gdb,47,75
051-31004zadanie3,91,149
051-31560success_006,148,253
052-18297knr_3_1r,250,416
052-4669vla-stub,7,9
053-14432py-block,40,63
053-18642queue_practice,168,306
053-23239ctor1,13,18
053-23623spat,214,355
053-9812day_mon3,57,91
054-34632pure-1,281,517
054-920705_02-example1,71,112
055-20586reverseString,136,223
055-2142isPall,173,290
055-26206task_3,182,307
055-33745testrand,124,222
055-33891bp-cmds-execution-x-script,54,88
056-12867store_merging_27,102,165
056-1765divcon_sum_serial,229,375
056-18538rerun-prec,15,21
056-18930hook-stop-continue,61,101
057-11576Hello,38,59
057-21542trace-unavailable,42,70
057-28945Namota6,48,76
057-31598fib_rec,94,156
057-4922rw,973,1766
057-8220correct,106,173
058-22161branch_preditction,539,928
058-33847curva,193,321
058-8305strchr,143,244
059-16241pi,139,225
059-21072aq,293,504
059-30500main,18,27
059-8609data-loc,22,29
059-963test-atomic_load_double,32,47
060-12245reverse_integer,149,250
060-2887problem5,75,122
060-30487condense,243,434
060-34067longrun,26,44
061-21032p12,170,282
062-19820example_problem_1_i2,252,423
062-20408LongestCollatz,219,363
062-22253pxdb,59,96
062-31221hello_world,92,150
062-33201hook-stop,31,50
062-9037ctermid,36,62
062-916consoleArgs,55,87
063-10553example-with-valgrind-01,123,209
063-8173hash,66,106
064-18053133_clone_graph,335,581
064-25659hello,10,15
064-2814220021219-1,88,138
064-3032paginate-inferior-exit,12,20
064-7696FizzBuzz,80,127
065-10095smallest,213,353
065-2609trace-break,23,39
065-3827ex09_07,126,215
065-657ex5-2,47,77
066-10455dw2-reg-undefined,11,19
066-11533testsort,206,344
066-2531student2,166,288
066-257536,137,228
066-28839test,392,662
066-33480pr98117,33,53
066-9229maxPrimeDivisor,66,102
067-12159clock_get_test,147,247
067-1732check_2w1r,721,1304
069-12001prob0021,187,307
069-15772practice_5,180,309
069-21667unpack_binary,397,702
069-31895disabled-location,9,15
069-392zipper,319,526
069-6597vectorize,136,225
070-10036HelloWorld,137,230
070-18259pr64957,91,153
070-20158sum_orig,117,191
070-22791recursion,111,180
070-26520ex12_16,314,560
070-32207task_1,129,204
070-32825array_pointer,261,428
070-55782,76,125
071-13291run-id-pr46758,63,105
071-13357coder,66,115
071-1819function,83,134
071-22095permut,176,290
071-33578dw2-reg-undefined,11,19
071-5557mutex,199,352
072-1840pointer_arithmetic1,55,86
073-23014nsieve-bits,276,451
073-24578base_algo_quick_sort,393,645
073-35087vrp2,97,166
073-7196ex14_03,52,82
074-12869email,90,146
074-14042dw2-param-error-main,19,31
074-33235ex11,286,474
074-33748get_rightmost_one,89,146
075-1255112,250,403
075-16609paginate-inferior-exit,12,20
076-1255execl1,15,21
076-31229thread,124,212
077-18017annota-input-while-running,10,15
077-23530mandel-2,337,588
077-24730clock,62,104
077-30413demo,108,178
077-31448watchpoint_func_many_probes,51,82
077-8165t-malloc,76,125
077-98887,140,227
078-16331nostdout,19,33
078-23777tick,43,74
078-24829to_upper,194,326
079-12528c_double,195,316
079-14993test,55,87
079-16869bug-235681,297,560
079-25175py-mi-objfile,7,9
079-28474tst_pxt1,342,565
079-32013problem-007,122,202
079-8624random,46,72
079-8928ex10,105,168
080-16143slowcat,99,164
080-17205bubblesort,301,496
081-12423path_sum,725,1285
081-14885interrupt-noterm,10,15
081-20168primelist,122,201
081-23790interrupt-noterm,10,15
081-24277inprint,80,138
081-32975tree,287,511
082-10711array1,73,115
082-18781exce7,127,206
082-31406thread-specific-bp,26,45
083-25260gdb1821,12,15
083-4225break-unload-file,11,19
083-5307ashlti3,171,278
083-7620access,203,368
084-2085quick_sort,472,804
084-34360array_address,82,133
085-13559time_diff7,98,160
085-1753ex04_33,156,257
085-17600graphite-loop-transformation,77,122
085-30147do_while,27,40
086-1349liftoff,77,128
086-17439euler5,76,125
086-1847gentable,382,636
086-9115list0,94,165
086-9482PiCalculator,102,168
087-14554task_2,74,120
088-11007chello,26,42
088-13105bubbleSort,201,331
088-15797vrp30,78,127
088-1845reverse_number,75,137
088-9316arm-bl-branch-dest,29,45
089-26705fahr,84,129
089-31870tst-setjmp,229,433
090-31154pr83385,106,173
090-3740ex4,313,532
090-8594test2,210,340
091-10749get_prime_number_v1,102,167
091-20728test1,36,61
091-34390heap,553,960
091-3858enable-running,84,140
091-4113mi-var-list-children-invalid-grandchild,26,41
092-12111pr97888-1,102,165
092-15583length,50,81
092-2040node_eraser,270,473
092-33234largest_number,378,653
092-33390mutex,230,408
092-33399testprogram,191,307
092-6085dynarr-ptr,17,21
092-6137x64ns,11,16
093-15271task_1,119,189
093-1557621,94,149
093-32830fm11,69,108
093-9291Random_ispis,100,162
094-2253ticker,36,58
094-25350rand,53,88
094-3457optproc,93,150
094-7491section-attr-1,117,186
094-7842dw2-undefined-ret-addr,11,19
094-8690argument,169,276
095-25686136,177,282
095-27673lshrti3,171,278
095-32532structs3,21,30
096-23589test,53,83
096-30172ejercicioenclase3,120,197
096-32406signal,119,205
097-11523reverse_bits,127,206
097-13617big_blocks_freed_list,225,389
097-16235tst-fileno,98,160
097-3153501-only-intervals,41,62
097-6208p14,118,190
097-8528Exercise7-09,76,120
098-15981fact_async,168,285
098-20627info_minsym,20,32
098-22616list1207,326,562
098-33030mi-var-create-rtti,13,19
098-33307q34,25,43
098-5416eg0408,32,52
099-12180self_invalidate,7,9
099-15145tststack,114,206
099-16423problem1,65,105
099-35012pr90131,124,199
100-23843guia-wagstaff,181,299
100-26340knr_5_4,155,271
100-28964123_best_time_stock_III,434,703
100-7954continue-pending-after-query,33,55
101-103fabsnegative,32,49
101-10836Ch8p390pe4,161,265
101-14001order_pizza,169,273
101-28378014,116,185
101-4102sandbox_invoke_args,70,112
101-7460trace-buffer-size,9,15
102-19803aalokran,102,182
102-29093LeetCode0007,84,133
102-306507c,265,429
102-30827singleNum137,157,260
102-5437ia32_rdtsc_clock,152,257
103-14956arrayidx,10,12
103-17282annota-input-while-running,10,15
103-18766main,691,1265
103-25177execinfo,87,149
103-29882random,94,149
103-30968strtoul,108,180
104-3028timetest,78,126
104-35133matrix,743,1258
104-9732alarm,51,88
105-12745mi-reg-undefined,11,19
105-30329mandelbrot,247,404
105-30865reverse_list,217,370
105-4320pr97459-5,22157,36313
106-1204pe10,135,219
106-5356nostdin,19,33
108-14480matriu4x4_original,387,646
108-30868manythreads,156,261
108-696backspace,96,158
108-712712,174,293
108-8723helloworld,33,61
109-25865double,446,755
109-5313randomkey,632,1061
109-6537patch-functions-8,44,72
109-9410double-prompt-target-event-error,10,15
110-14743fir,274,442
110-15771robber,266,444
110-18700crc16,1295,2145
110-28140exemple_getopt,133,217
110-31026ex10,126,202
110-4422fizzbuzz,91,151
110-885start,23,39
111-10727lftocr,145,233
111-20466p3,166,268
111-31187watchpoint-multi,65,108
112-17224philosopher_simple,219,389
112-19691ex5,147,235
112-20950test-getsubopt,88,149
112-2598sigaction,80,141
112-26749sum_of_multiples_of_3_5,120,195
112-31992ASCII,56,87
112-32621bin2bf,259,450
112-50691-4,255,444
112-5269multiples,73,117
112-9710rm,94,158
113-26902condbreak-call-false,9,17
113-769interrupt-noterm,10,15
114-20038PRESENT,867,1545
115-14021nanosleep,42,70
115-21676dw2-ifort-parameter,9,14
115-30283pr71854,128,197
115-4001enable,7,9
115-4775benchmark,57,92
116-1753wc,705,1197
116-31734for+init,35,55
116-33238slash_r,33,52
116-9633prime-sieve,202,325
117-1334basic,77,124
117-15131teste_vetor,99,164
117-26679euler4,149,242
117-28650cache_locality_2d_array_test,390,658
117-4062thread_test,155,310
118-13217190_reverse_bits,71,118
118-21689step-line,142,248
118-22819sum_cols_and_rows,276,463
118-34818Factorial,73,132
118-6729tls-var-main,9,14
119-1370q_4_2,92,149
119-18935buffer,35,57
119-22198setvbuf,63,105
120-15013test_stdout_size,47,78
120-227393,121,194
120-31197IFS,307,539
120-5452ex10,107,172
121-13459pi,165,267
121-16100pthread_return_values,105,176
121-17894exemple_calloc_2,66,105
121-32740dummy-frame-restore,12,21
121-34150scandir,125,210
122-14235gdb11479,82,139
122-19861skip-prologue,58,94
122-9083problem_9,165,271
123-28487bbcl,641,1097
123-29751dw2-undefined-ret-addr,11,19
123-8196pr47337,365,611
124-215472217745,114,190
124-24511bounded_notify,226,419
124-7426task_1,127,213
126-13497problem14,147,245
126-20903l3,74,121
126-26703sleep-test,53,102
126-30960for,35,56
126-6073pr65053-2,66,111
127-18355main,173,286
127-23167scm-objfile,10,15
128-1151083_remove_duplicates_from_sorted_list,327,560
128-1243expCloneSpin,47,81
128-14100ftrace,48,80
128-19180getoptlong,161,257
128-31567test047,42,63
128-3246p14,123,197
129-11278exo3,423,709
129-11343display,115,192
129-31934exce14,167,272
129-6068longest_collatz_sequence,214,353
130-12273ex11,91,147
130-17355hand-call-new-thread,54,90
130-25727thread,15,24
130-27429overflow_truncate,62,99
130-6710010,134,215
131-179037colors,123,203
131-22638qt-faststart,2276,3911
131-24721mktest,398,659
132-10792maxsublen,114,191
132-11851gdb-sample2,169,301
132-1440compile-print,7,9
132-19319HowMuch,266,465
132-7619magic_square,1506,2478
132-7951bitcount,84,139
132-8757prime,114,189
133-32003tst-fileno,98,160
134-19140test_wctype,1091,1936
134-28075destroy_while_yielded,87,148
134-31000trace-unavailable,42,70
134-31079memory_allocation,96,162
135-13575Upcase,113,181
135-33554marriage,151,263
135-35398qtro,12,20
135-3737dprintf-non-stop,13,24
135-7363segoddandeven,242,390
136-11015tst-environ,322,636
136-16423hz,287,479
136-24694atoi,303,496
136-32312getopt,71,112
137-11867for,54,90
137-15572annota-input-while-running,10,15
137-29445rand104,490,834
137-9573test_wcfuncs,278,490
138-21420ex5-3,59,95
139-16160printf,88,146
139-16762test,50,81
139-22327CommonNode,234,417
139-22467min_element_sol,109,176
139-5525linked-list,822,1482
140-19759getopt,82,130
140-23332printenv,86,134
140-24028string_test,272,552
140-24320watchpoint-app,89,158
140-31663test_ctype,986,1732
140-3879t04,70,120
141-16989fizzbuzz,72,115
141-262444-13_recursive-reverse,154,270
141-29763qsort,339,554
141-33352rrmdir,261,435
142-24177ascii1,36,57
142-27709main,103,169
142-4672merhaba50,32,51
143-11446malloc,37,64
143-34617signal,77,133
143-6050reverse_number,143,244
144-10577task_4,46,73
144-1293692_reverse_linked_list,191,316
144-14900problem_005,125,203
144-20927py-type,59,97
144-22561exemple_environ,58,91
144-28595isalpha,95,155
144-4458dowhile,115,204
144-4942function-pointer,126,202
145-19110producer_consumer,125,250
145-26413prime2,151,242
145-3992test9,89,148
145-8071step-break,32,52
146-10968randomInput,33,54
146-18307fission-base,20,31
146-28170right-rotate,286,480
146-40struct3,173,320
146-4377sym,166,277
146-6089getopt_long,91,149
147-16226while3,35,57
147-23000py-progspace,7,9
147-5839test-fill-syslog,41,68
147-8787double-prompt-target-event-error,10,15
148-32078quick_sort,526,874
149-1294vararg1,23,34
149-16776friend,109,184
149-19202punteros2,88,145
150-15628random,70,117
150-19608py-objfile-script,42,69
150-22188bg-execution-repeat,13,24
150-23350task_3,158,279
150-24147pr68250,214,347
150-2545id-7,54,83
150-34447mutex_solution,136,237
151-10629fibonacci,79,126
151-1065513_roman_to_integer,176,289
151-1596funccalls,100,161
151-17972server,15,21
151-29222gdb1821,12,15
151-5515play_nice,118,212
151-809299full,69,116
152-13608compile-setjmp,7,9
152-26431py-symbol,49,79
152-27420telefone,104,164
152-28934euler4,148,243
152-35022BubbleSortOptimizing,234,391
153-13182petle-2,42,67
153-18211basic,258,450
153-652solve,455,774
154-100542017-03-01-Aufgabe2,207,345
154-32987bubble_sort_v3,197,326
154-50602007-03-05-DataLayout,73,116
155-8394task_4,46,74
156-12686main,153,257
156-1817tmpname,47,76
156-27127hilos,134,218
156-3160bug-regex27,136,239
156-7398hilos_join,142,247
157-10555break-reverse,25,46
157-13872pr81573,54,81
157-23116example_02,155,284
157-28022pr61839_1,88,149
157-5749lictool,356,602
158-18444check-lc_ctype,19,28
158-24742CharacterConstant,79,136
158-27124multiply,257,444
158-6935watchpoint-delete,26,44
159-1247testcolors,43,69
159-18697rand7,138,231
159-20570hash_soln,1129,1960
159-25362py-value,137,222
160-19396search,219,392
160-22052malo,111,186
160-22440fig06_05,80,129
160-84632017-02-10-Kopfgesteuerte-While-Schleife-3,57,92
161-11143execl1,15,21
161-15802day03,898,1523
161-22747simple,15,21
161-26401pthread,76,150
161-3857strncpy,171,287
162-10368lab05,387,656
162-25371waitprobe,41,70
162-29900term,7,9
162-3663point6,110,189
163-14816task_1,91,145
163-2096sigIgn,56,96
163-23572ex2,63,103
163-25833problem_twelve,122,196
163-31466dw2-case-insensitive,11,19
163-31548strcpy-2,83,137
163-34477q4,239,396
163-4110euler5,386,652
163-6215randomPhoneNumber,139,228
164-10276switch-case-1,116,203
164-23727pointers_and_compound_literals,80,136
164-24613euler,93,148
164-30412sleep,15,25
164-9034vector-subscript-2,236,421
165-32200for_none,43,66
165-3605memtest,204,354
166-1816unknown_functions,17,32
166-2034t1,184,322
166-22145nim,187,308
167-17823reverse_number,243,412
167-28025memory_allocation,96,162
168-21113fnsplit-1,56,90
168-25017gentbl,373,638
168-9630tst-random2,139,241
169-25663loop-12,62,100
169-26047test-asm-nop,8,10
169-35020ex07,100,161
169-6354test,250,431
169-9136hfc_for_loop,55,92
170-15898p12,131,210
170-1696grup3,41,67
170-18272vdso-warning,7,9
170-2707310-float,100,165
170-33980pr39339,334,588
171-12549thread_02_withmutex,158,302
171-172exercise_3-3_expand,153,247
171-20700p5,71,111
171-26597starsrch,120,195
171-32038p404,316,523
172-10241reverse_number,85,143
172-21097pi_integration_serial,137,222
172-5462hello,122,196
172-9368watch-non-mem,23,39
173-10217pile_liste_chainee,192,325
173-167312a,80,130
173-20523rw,973,1766
173-24459rand10,347,593
173-5894p3e1,126,213
174-17494getusershell,25,41
174-30304thread_base,119,199
174-9757ex14,204,339
175-26983insert_sort,229,370
175-30089rand69,202,345
176-19143tab,112,183
176-2396470_climbing_stair,156,257
176-25465fib,81,129
176-34268py-mi-events,26,40
176-6732matrix_soln,532,897
177-3105converse1,102,165
177-34275task_4,46,74
177-6116sample,334,542
178-21315task_2_v2,62,98
178-27654struct_code,3,3
179-13715ls-errs,17,27
179-2071implref-struct,8,10
179-22451program_10_13,90,152
179-28343ashrti3,180,292
179-29385pr61375,103,166
179-34725PrimeSum,128,212
180-12269testeGrafo,302,497
180-15104pthread_detach,75,130
180-32191ex13,153,246
180-349384-12,180,303
180-351231087,41,64
181-15257pack-test,74,116
181-19009annota-input-while-running,10,15
181-27080cond-eval-mode,56,94
181-28264task_4,52,84
181-28878check_cooc,88,147
181-31145bsd_signal,78,131
181-6389primes,60,98
182-1593430,129,211
182-26410cutrod,159,262
182-3173714-enums-large,96,153
183-11129compara,79,129
183-17908flops-4,413,652
183-18644thread_leak2,40,67
183-21040bg-execution-repeat,13,24
183-25695string,475,839
183-7535p5_imp,91,142
183-753624-update_suite,25,37
184-26083pe4,170,280
185-16371Zada4aNo2,74,122
185-16961cohencu,69,112
185-21782testeDeCasoEspecial,69,106
185-30297progbar,237,397
186-11448000F_perf_001,105,168
186-14933hello-world,83,134
186-24756dw2-bad-mips-linkage-name,20,30
186-28038sepsymtab,19,27
186-294897-01sigmask,78,144
187-1239p39,193,312
187-13269exercise16,97,158
187-15537task_4,47,74
187-18084strspn,120,193
187-26512pr23386,84,134
187-4745testbed,261,450
187-9432continue-all-already-running,10,15
187-9759th,95,165
188-4550sss-bp-on-user-bp-2,13,18
188-7878structs,72,123
189-12218Exercise_1_8,68,112
189-22730exemple_mutex,135,228
189-24700main,220,365
189-6703prob0012,237,389
190-33379024,374,604
190-4874ex6,108,186
191-17101hook-stop-frame,20,32
191-18588random,115,190
191-1928system,97,157
191-29724q06,108,180
191-31545ex12,229,376
191-33601amd64-entry-value-inline,98,160
191-35133test_simple_big_sqrt,126,210
191-7048utmp,62,101
192-10002py-objfile-script,42,69
192-11574mem_set,38,62
192-1700pi_serial,99,158
192-19955show_bytes,126,214
192-2179QuickRename,542,918
192-22604zad1,205,360
192-24464malloc1,78,129
192-32159ho_memchr,88,142
192-35443py-value,132,215
193-15762trim,135,215
193-23996dos2mac,183,305
193-25546heap,186,313
193-9112MaiorDivisor,119,197
194-11630task_4,51,83
194-25122逆序交换,115,184
194-34049loop,41,64
194-3902bg-execution-repeat,13,24
194-6588largestSumContiguousSubarray,137,228
195-15137prob21,136,224
195-26584fibonacci,246,412
195-2756vrp90,78,123
195-30463rerun-prec,15,21
195-3921test_tableau,164,272
196-3484qtro,12,20
196-47432-10,220,356
196-9332term,7,9
197-21858bucket_brigade_silly_loop,196,332
197-22244task_2,73,120
197-23022Pyramid3,58,95
197-26978cursal,15,25
197-3321612_数组中元素的倒置,109,175
198-11580gdb11479,82,139
198-15464print,29,46
198-28218enable-running,84,140
198-32181pr68532,121,190
198-5510qtro,12,20
198-6902_8,195,318
199-106591_3,1330,2226
199-1286thdm,207,350
199-23881dynarr-ptr,17,21
199-28780semaphore_lock,307,561
199-33056write,161,294
200-11788epsilon,46,74
200-25657str_lower_case,241,422
200-26625QuadraticPrimes,236,389
200-268744b,191,328
200-27710euc,1223,2166
200-28412pr28982b,1069,1680
200-28447problem-023,219,362
200-8480dw2-undefined-ret-addr,11,19
200-8496normal,15,21
201-12695frame-args,68,112
201-19057Natural,101,169
201-24429exercise2_7,99,165
202-151647,232,379
202-8314step-break,32,52
203-22133dlugosc,87,152
203-27037enum2,42,64
203-34517watchpoints,51,83
204-13924tst-strptime2,128,215
204-16513pr81571,70,114
204-16834restrict,99,165
204-173128-Operators-other-plus-calls-types,61,104
205-10802ex04_27,274,442
205-33289Dane,63,107
205-4916001,105,172
206-16892atoi,120,193
206-17152arf,165,270
206-28020knr_3_5,300,492
206-297tree_2x2,1026,1710
206-3603arg_thread,124,215
207-16091palindrome,276,463
207-29425test-builtin-supports,28,39
207-6361task_1,131,225
207-7027unix2dos,479,808
208-10167argv,91,141
208-13024str_upper_case,241,422
208-15157pr11022,38,58
208-16904exce4,121,198
208-24427191_number_of_1_bits,73,122
208-2982320020402-3,279,474
208-33239Exercise-1-3,77,120
209-14052fiotemplate,42,69
209-14911powerOf,469,798
209-3688time_diff6,95,154
210-11266quick,356,582
210-24961isprime,70,114
210-295655-3,110,179
210-6564gcore-buffer-overflow,7,9
210-6578qt-faststart,2276,3911
211-10044test_wctype,1091,1936
211-13538binary_search_tree,449,808
211-16219pthread2,85,146
211-21922program1,105,171
211-27434pr64536,207,347
211-60481040,159,258
212-16827for2+init,65,105
212-23245printf_format_columns,93,145
212-28059puzzle,471,771
212-45annota-input-while-running,10,15
212-6960linklist,408,698
213-16016RecursiveIntersection,322,570
213-24434bubbleSort,76,121
213-26565dw2-dup-frame,11,19
213-6434dprintf-non-stop,13,24
214-1145320080122-1,194,312
214-29055filaApontador,243,417
214-30679paginate-after-ctrl-c-running,10,15
214-3322reverse_number,132,218
214-5384cond-eval-mode,56,94
214-5615actions-changed,95,178
214-7232p014,137,220
215-17687continue-all-already-running,10,15
215-2077box5,142,236
215-29695sample1,122,203
216-21649mk-lba-img,333,563
216-445pgm8-4,62,103
216-5214structs,270,442
217-17421PreorderTraversal,278,471
218-14701rand93,331,567
218-14785bug-regex23,31,51
218-24759prime,134,220
218-34843nofield,34,56
218-8070arecibo,427,719
219-27892negdf2vfp_test,10,15
219-4263ex8-5,40,67
220-22553Accumulate2,74,120
220-2465pointer,70,113
220-3876val-profiler-threads-1,181,288
220-9546merge_block,67,106
221-27221modular_exponential,118,189
221-30719test,221,365
221-4571sumarray,160,258
221-4976watchpoints,51,83
221-5741demo1,84,139
222-1714TriangleNum,151,250
222-17864fwrite_1,75,122
222-6101double-prompt-target-event-error,10,15
223-23617floatunssisfvfp_test,10,15
223-31978pr94734,300,517
223-32251test-ctype,446,748
223-33519ret_thread,136,235
223-736sigPrint,64,111
224-12935variant,41,60
224-20776lfsr128,257,432
224-6279list,551,962
225-1069for_2,36,58
225-15006find_track_oo,120,199
225-18582sigdemo1,50,83
225-33873rand100,202,345
225-697pr77988,77,124
226-11700test_file,71,114
226-12269vla-ptr,122,200
226-13334game31,232,393
226-14547power_digit_sum,369,609
226-15616mi-stepn,29,46
226-27868mv,124,210
226-31115binary_search,268,441
227-17609test_perfect_hash,424,707
227-19237thresholds,61,114
227-28565gst-play-vr,15,21
227-30462p1,200,323
227-35208gdb1090,40,66
228-31542testCEx,303,523
228-33163maybe_hug,121,218
228-4779test-term-5,103,165
229-15904p3,466,770
229-21322euler4,184,302
229-5381point-size,49,84
230-27625solution_1,94,154
230-28646reverse_string,172,286
230-28733pr68376-1,82,135
230-5234test049,25,36
230-5892test_free,115,195
230-8038hw1,149,246
231-19156big5,302,500
231-35339printenv,43,66
231-6843rev_k_node,237,415
232-1887HeapPointer,116,193
232-23481wrapper,15,24
232-23868ascii,94,146
232-29394rwlock,78,132
232-31619dw2-inline-param-main,16,20
232-5707ho_strncat,157,268
232-6927malloc_hook,109,188
232-9412unknown_functions,17,32
233-17419evenfib,71,117
233-21478trace-break,23,39
233-7853benchmark_loop,53,85
234-24632rand22,323,552
234-25058unknown_functions,17,32
234-27088bench,1590,2708
234-3021trimzero,150,260
234-30273watchpoint-multi,65,108
234-5533paginate-after-ctrl-c-running,10,15
234-7071mkkbdtbls,327,569
235-16000optimise1,38,59
235-292exemple_clock,182,307
235-30129002,82,133
235-778step-break,32,52
236-10004shellsort,334,542
236-21318section-attr-2,107,174
236-3034fib,93,155
236-32770largest_prime_factor,224,377
236-5750SquareDigitChain,147,245
237-16682manythreads,162,272
237-20546Matrix_Multiplication,248,415
237-38Problem_23,306,505
237-5788Sequence,47,71
238-1117flatten,397,760
238-3489310,135,220
238-57253,283,478
238-7551exce5a,153,244
239-14204struct_init,16,24
239-14369aspace,33,55
239-28913pr98474,74,120
239-30806pr65053-1,63,108
240-16214test-fmemopen,45,79
240-19435hw54,165,270
240-4693dw2-bad-unresolved,7,9
240-791020041219-1,86,147
241-21110p67,45,73
241-22999student2,53,90
242-13979main,166,263
242-16051reverse_number,66,112
242-29518bitfld-4,50,52
242-30627atoi,72,119
242-35318weird_coding_style_1,33,52
242-6520sss-bp-on-user-bp,15,23
243-33252paginate-inferior-exit,12,20
243-8539list1,121,215
244-12236urlify,409,664
244-15100pthread,80,138
244-1795return,82,141
244-2813infcall-input,19,33
244-3752handler,45,76
244-5387冒泡排序,217,354
244-7442hello,10,15
244-794sample_sum_prime_numbers,205,348
245-10337217_contain_dup,127,205
245-19113break,46,72
245-28302day_mon1,101,165
245-319undefined,93,151
245-32182mkNamedPrims,105,173
245-4781void__float,119,194
246-6000cacheExperiment,100,159
246-7854warn-missing-prototypes,65,104
246-8116sepdebug2,7,9
246-8407break_continue,170,290
247-20899a2,143,233
247-2620bug,38,56
247-31043testenv,99,160
247-35239limits,52,83
248-13749linked_list,104,171
248-1906loop-ivopts-1,156,245
248-32978SrotTheInnerCtonnetInDsinnieedcgOredr,448,781
248-34377condvar,51,100
249-34196test-fwrite,175,321
249-5128tick,39,66
249-5257gdb11479,82,139
250-11761signest,65,110
250-27179reverse_string,471,833
251-16988squeeze,215,351
251-25291xor,262,447
251-26765amd64-tailcall-reverse,17,28
251-27460main_dummy,78,158
251-33037030,115,186
252-10421test1,124,209
252-1966exemple_gethostent,41,72
253-1006e5,87,133
253-10788Performance2,180,312
253-34286test-fwrite,175,321
253-662code_elim1,16,24
253-735py-strfns,29,49
253-9316paginate-inferior-exit,12,20
254-18141iterator,73,117
254-27187args,78,127
254-4346skip-prologue,58,94
254-5743sizeof,87,136
254-9226exemple_getprotoent,41,72
255-10765pr44715,635,1271
255-20634linked_list1,114,197
255-24634task1,36,57
255-322341-8-arguments,52,81
255-6658ex12,88,144
255-8775pointer_linklist,676,1167
256-31658meteor,3941,6684
256-32455ex05_20,74,122
257-12687BST_height_depth_of_node,793,1416
257-13192ex3,115,202
257-3275utf8,310,507
258-16270misaligned-words,89,141
259-16244sepsymtab,19,27
260-10897while2,58,90
260-11248step-resume-infcall,22,41
260-11765majority-element,407,658
260-26387printf_examples,54,85
260-2810pr88693,120,222
260-28473workbeast2,59,97
260-29896hamming1,373,614
260-3151program2,229,409
260-3255mem_errors,129,229
260-34521ex6,184,320
260-5963solution,108,172
260-8865vm0,124,198
261-14481hardstride,119,192
261-20542memattr,7,9
262-14918solve,337,547
262-15051check-macros,7,9
262-1583whologgedin,13,22
262-19610strcpy,65,109
262-21297matmul0000,219,360
262-27002ortalama,134,217
262-323617,203,331
262-484714,143,236
262-7623pthread_create_with_param,97,168
263-24559p1,73,117
263-7030paginate-after-ctrl-c-running,10,15
263-7863pair-numbers-using-for,37,58
264-15031pe024,196,338
264-20591ascii,49,74
265-1278integer_factors,53,86
265-17347main,423,710
265-18503lst_no_head,150,249
265-20242swap_str_arr,355,587
265-30827pr78248,94,150
265-30986globalerr,76,116
265-33605server,15,21
265-3691Exercise3-06,409,674
265-4481omp3-1,279,463
266-10383argv,58,91
266-29346timer_implementation,73,125
266-35386a2a,103,167
266-4163InsertionSort,214,350
267-16028seq_vec_sum,217,365
267-24954sleep,69,114
267-27432trapkid,57,104
267-32913param,60,96
268-16751pi_original,822,1385
268-3031820170419-1,61,98
268-30454py-objfile-script,42,69
268-32854test_wcfuncs,278,490
268-7369stop-all-on-exit,12,18
269-21870test_args,55,87
269-28028dw2-undefined-ret-addr,11,19
269-29513cap,64,103
269-32268bin2c,308,523
269-4145QuickSort,289,476
270-20129startup-with-shell,62,97
270-32575sigaction,80,141
270-5135quick_sort,333,541
270-6345bitflip,173,296
271-10922triplet,185,302
271-11983simplestatemachine,64,102
271-29927permutations_of_string,236,395
271-30182circularlinked,113,206
271-49773,151,247
272-14706bubble_sort_v1,206,342
272-7484gemver_profiling,223,355
273-19149cursal,15,25
273-21009sleep_before_dying,29,46
273-4367fib_bottom,124,206
273-9285sum,78,125
274-14823matrix-row-column-order,1698,2878
274-2603211,253,417
274-8828new-ui-pending-input,10,15
275-15430simpleVersion,314,524
275-31478duplicate-bp,12,22
275-33285hilos,117,197
275-33407break1,55,90
275-6578pr94567,120,189
276-11530hello,18,27
276-27621thread,93,157
276-33239pthread,250,426
277-10814tids-gid-reset,7,9
277-17112backtrace-tst,202,338
277-26942sumArraysOnHost,245,408
277-28581exercise_10_03,149,267
277-6916box2,137,223
277-7374qsort,411,692
278-12713find_missing,358,579
278-12978pth_cvsimple,154,282
278-16145zad4,149,250
278-28600dw2-icycle,7,9
278-54941096_sequence_ij_2,59,89
279-23564step-break,32,52
279-29319step-break,32,52
279-32549mi-syn-frame,59,101
279-8672C2,330,574
280-10868py-breakpoint,90,145
280-16725p2,434,732
280-16849int__int,97,163
280-27836displayingno,34,55
280-4047questao10,161,263
280-8387gen,69,104
281-10971del,7,9
281-14488count_set_bits,51,85
281-16822pr69067,91,149
281-30836randomize,19,32
281-31036sizeof,90,145
282-22961pr46685,76,122
282-23114insert_sort_list,346,592
282-30350echo,70,115
282-31353arrays,57,90
282-34128locked_vs_unlocked3,232,452
283-12475paginate-inferior-exit,12,20
283-15225dw2-single-line-discriminators,29,44
283-18010fortran-sym-case,15,21
283-2644126-strict-loop-enter,61,95
283-5136test,61,96
285-18854dir2,75,125
285-2317py-mi-events,26,40
285-27760binary_search,180,296
285-31406TLE,30,50
285-597test-getdomainname,16,24
286-1472countdown,114,189
286-23371code,136,218
286-345879-print_comb,54,87
286-48646-refine-protected1,57,104
286-8707ch04pr09a,45,73
287-1505709-wan,84,137
287-26959array_transpose,223,376
288-20851paginate-after-ctrl-c-running,10,15
288-2612fixmewithvalgrind,76,123
288-34432paginate-after-ctrl-c-running,10,15
289-4934target,31,49
290-11979ex04_13,47,74
290-11990sleep1,27,48
290-12102sleep_before_dying,29,46
290-13709pr83298,39,62
290-357503,345,580
291-12040euler7,136,222
291-12759bubble_sort,290,480
291-31893test,173,281
291-34982pi,95,150
292-11288CProgram4,113,196
292-13873sorted_insert,282,459
292-18502time_diff2,52,88
292-20650DeleteNodeDLL,276,483
292-28029find_duplicate_members,123,197
292-31553tst-fdopen,179,321
292-32802problem10,181,290
292-34570test-scan-pthread,166,280
293-1548211,478,808
293-25545test6,145,245
293-31786enum_3,15,26
294-16285ex05_31,85,147
294-21030problem_four,266,437
294-28438amicable_numbers,160,263
294-31313memattr,7,9
294-4547recipe-576772,149,250
295-17082zad4,63,108
295-21387struct4,136,228
295-4807hook-stop-frame,20,32
296-23369histo,155,256
296-27161dw2-bad-mips-linkage-name,20,30
296-9134ex012_missing2,61,98
297-10865crivello_eratostene,152,250
297-18335approx-pi,218,361
297-26394ktstamp,73,120
297-30183exemple_semaphores,136,236
297-321832017-02-22-Strings,143,241
298-1086059,576,941
298-23874Argc,58,91
299-12964sort,1795,3002
299-19015Length_of_Linked_List,151,278
299-32708geradorTemporadas,51,86
299-7473code21,34,60
299-8032rand_perm,458,804
300-15597ipcp-self-recursion-1,128,212
300-27185task_2,85,136
300-28286LeetCode0315,761,1283
300-467920000329-1,54,87
301-14327bubble,126,207
301-15654new-ui-pending-input,10,15
301-16301smallest_multiple,82,131
301-22486fig1b,86,140
301-2478struct,99,161
302-24883tc14_laog_dinphils,170,294
302-30255gcov-1a,29,46
302-32951pr93820,77,122
302-8619all,73,117
303-18780app-console,23,37
303-19909peak,50,82
303-25346disconnected-tracing,11,19
303-30727dprintf-non-stop,13,24
303-31275main,58,92
303-33904problem_five,116,189
303-34518insert_sort,234,383
304-13054main,18,27
304-13086envtime,46,75
304-13860simple_threads,290,510
304-9724069,100,163
305-11308pr57344-1,63,103
305-15481breakpoint-shadow,13,19
305-16651data,62,107
306-27484jump_game,233,386
306-8066even_fibonacci,75,121
307-32125code,75,117
307-34513bubble_sort_v2,228,378
308-10554intfloatprint,19,28
308-1569enum,67,111
308-2427sizeof,22,40
308-30843tls-var-main,9,14
309-16838dprintf-non-stop,13,24
309-32647traced_c_loop,34,56
310-17151pgm7-6,54,86
311-1974120081218-1,118,200
311-2182vetor2,83,139
311-26435pr88984,46,75
311-26821ex11,192,314
312-13565test054,39,63
312-24043rand68,359,613
312-25158BuildTower,365,625
312-3522show-bytes,144,245
312-4052jacobi2,141,227
312-5913thread_leak5,40,67
313-30660034,106,170
313-32371task_4,48,78
313-33584square-sum,100,163
313-461isPall_ignorePuncCap,244,412
314-3805getc,55,91
315-11257compile-tls,12,20
315-2034t-dummy,15,21
315-31685bitshift,61,100
316-21581exce7,206,336
316-23045pages_as_heap,117,190
316-2342ex12,85,139
316-26034libmax,94,149
316-9581main,238,394
317-2728binarySearch,170,279
317-851pr68185,120,181
318-12384double-prompt-target-event-error,10,15
318-22490likedlist,486,869
318-4890thread,96,167
319-31908get_individual_bytes_with_array,50,76
319-7723term,7,9
320-17374tree,585,1041
320-32425bubbleSort,239,387
320-483sketch1,175,285
322-227rwlock_race,102,188
322-6437generate_input,51,82
322-871FindTheSmallest,650,1124
323-15077tabela,49,78
323-1618fopen,56,95
323-26798stringANDarray01,134,221
323-9628fio31,65,117
324-12056double-prompt-target-event-error,10,15
324-15333mclean,1073,1816
324-263491189,156,259
324-31749print_ascii,36,57
324-35035sudoku,640,1068
325-26168ch27_drill,52,84
325-30042memmem_funz_gen,393,677
325-4606tc14_laog_dinphils,170,294
326-22210print_bits,65,107
326-32941magic_puzzle,1369,2525
326-35343sum_swap,477,841
326-7657trailing_zeros_factorial,201,330
326-982747_permutation_II,408,696
327-10398problem_nine,124,201
327-11474fortuneindex,242,416
327-20440new-ui-pending-input,10,15
327-21202find_track_oo,120,199
327-26416gdb1090,40,66
327-28921thread,15,24
327-9013multiples,48,75
328-27095pr57344-4,63,103
329-14322ex05_41,129,220
329-30853ex14,207,337
329-33038EqualSidesOfAnArray,397,716
329-33660DelayTest,75,126
330-10720pr83668,109,169
331-11637locking,92,167
331-1322array_bidimensional,107,179
331-28139aspace,50,87
331-9783p94,231,381
332-17490j014c,7,9
332-18760split2,197,336
332-21624randomize,19,32
332-22164pr80308,114,184
332-22290tc14_laog_dinphils,180,314
332-27733pr63464,518,923
332-28016029,295,499
332-3388ex1,33,52
332-34202c-,75,121
332-6806lonely_integer,200,353
334-14082rasa,204,340
334-69392017-02-16-Fibonacci,78,132
334-86946,173,300
335-17561stpcpy,140,226
335-22216structs3,21,30
336-1587main,52,82
336-19986basic,77,124
336-23208Queue_using_Linked_List,192,354
336-24583cursal,15,25
336-2471new-ui,24,57
336-31698zero_sign_extension,153,262
337-20021echo,39,60
337-28842t-tests-end,7,9
337-33504cstrings,172,311
337-34808229,474,779
337-9742fig06_06,63,101
338-21843RecursiveTest,152,249
338-6482watchpoint-hw,7,9
338-6760list_errors,671,1186
339-15920eg10_21,99,193
340-21526task_3,241,402
340-23702DoubleLinkedList,472,821
340-30381main,111,179
340-32770cptr1,108,176
340-34948obfuscate,910,1539
341-27930T4_1_a,93,163
341-32127watchpoint-multi,65,108
342-24042pr87168,92,142
342-31743ex002,105,182
342-33622loop,31,49
343-30500races3,476,829
343-33554PE002,79,125
344-10479mem_errors,151,272
344-10567task1,62,103
344-11547asm,70,111
344-21460ch07ex05,68,110
344-2180interrupt-noterm,10,15
344-27597buffer,110,187
345-1518load,108,174
345-22298prime,118,191
345-26470sleep,18,27
345-32716continue-all-already-running,10,15
345-617reverse_list,151,261
346-10639pr97467,57,89
346-17564array,66,105
346-27779alphasort,77,127
346-28768p24,484,812
347-15138readsymlink,85,143
347-19818findMinMax,187,306
347-25221thread_multiple_params_example,101,172
347-5887imprimindo,50,78
348-10151mini-mini,74,130
348-6626ex2,84,144
348-8804asciitable,146,240
349-1389236,91,153
350-1694arodriguez154,20,31
350-2242223591_thread-1,120,212
350-29289encrypt,79,133
350-3773swatchtime,42,65
351-17280svcomp_genady_true-alloca,71,109
351-31195problem84,720,1213
351-8871_7,97,157
352-11585info_types,29,46
352-18031ex14-1,178,290
353-29632bstree,519,925
353-29823bucket_sort,444,762
353-778arr-subrange,7,9
354-12170py-frame-args,78,131
354-136133_4,224,365
354-29497heapsort,634,1124
354-6478py-objfile,10,15
355-10969FindInPartiallySortedMatrix,245,398
355-21797LeetCode0051,1216,1999
355-26831while4,47,78
355-34705threadSort,597,992
356-1859convert,69,108
356-22780burgers,1311,2130
356-2654test,59,104
356-3531bg-execution-repeat,13,24
357-12046task_3,182,306
357-6533christmas_tree,259,443
357-7457burst_time,36,60
358-21915program2,229,423
358-32653pr33755,65,101
358-34301vararrays,91,148
358-5946fib,73,115
359-10424py-symbol,49,79
359-18013rot13,114,191
359-2210420000717-4,35,54
359-22399BankAccount,95,168
359-28910okimtest,129,231
359-356arrays,60,94
359-5231fission-base,20,31
360-12147planet,137,223
360-13858pr95045,130,208
360-21005thread_leak5,40,67
360-2648reloc4lib2,97,159
360-29180str,70,112
360-3617test_flush_logger,60,99
360-6018thread,15,24
361-5668bg-execution-repeat,13,24
362-20135debug-info-gline-tables-only2,7,9
362-2856734_srch_in_range,263,423
362-33227echo,75,122
363-15751ArbitraryPrecision,278,462
363-26280order_pizza,169,273
363-26435hilos_exit,135,234
363-6788cont2,39,61
364-16603ldbl_e308,14,19
364-34811switch-1,39,62
365-17559sec_multmatrixseq,524,880
365-24908vla,72,119
365-25449py-objfile,10,15
365-6723collisions,454,754
366-1264my_alarm,72,123
366-18398setvbuf,39,82
366-21230eg0601,104,172
366-28450IsMyFriendCheating,408,692
366-4006ejemploOptimizacion,113,180
366-74713,93,165
367-1062Test_print_stack,88,150
367-12487test,79,124
367-15234pthread,145,246
367-1888show_byte,74,121
367-30759pr80153,163,273
367-34398alg,556,926
367-9893main,95,167
368-28469insertionSort,186,304
368-748py-arch,7,9
368-9336hello_multi,69,120
369-15663leaks,170,282
369-15781exce14c,234,383
369-29163array_product,452,828
369-4807methcall,430,728
369-631py-block,40,63
369-7477HowFastIsYourComputer,46,74
369-9898atoi,106,167
370-1475problem_5,101,153
370-21436csandoval5,20,31
370-26971prog56,32,51
370-7306xorpad,238,393
371-15068mem_dump,168,290
371-23398knr_strcpy,74,122
371-31358masked,235,385
372-11428continue-all-already-running,10,15
372-15635break,48,74
372-28707swab,93,167
372-28831putenv_test,104,188
372-30425task1,38,61
372-4635count_twos,458,814
373-16799pthread_threads,46,88
373-26555strncmp_example,95,156
373-30652pr87290,281,497
373-8733py-section-script,42,69
374-11259Example5,36,56
374-13879get_hash_string,121,195
374-14407setmem_long-1,188,318
374-17335step-break,32,52
374-20172gcov-9,25,37
374-22426infcall-input,19,33
374-2965for+continue,51,77
375-15705mmalloc,214,364
375-25509pthread_join,75,126
375-31289str_with_backspace,258,432
376-10146reverse_bits_of_an_integer,302,519
376-10864sleep1,63,110
376-14507q33,22,43
376-20420loop_de_inteiros,32,51
376-6542strncmp,327,599
377-16402pr95172,47,72
377-2651py-pp-maint,107,182
377-26933shift-1,62,98
377-30730goldbach,199,329
377-34220main,73,120
378-15174cache4,68,108
378-2004p14,128,206
378-3907palindrome,189,314
378-8778step-symless,22,39
379-16953gcore-buffer-overflow,7,9
379-3080157-singlethreaded-unlock,40,68
380-20047007,90,141
380-33023py-progspace,7,9
380-3754address_space,24,34
381-1411reverse-bitwise,251,414
381-29250gen,59,93
381-6056t03,31,48
381-718804斐波那契函数_Fibonacci,177,312
382-17602fibonacci,85,144
382-25640suspect,251,426
382-27996cond_variables,76,150
382-28395christmas_tree,148,247
382-31745C,320,539
382-347920100430-1,156,279
382-35394while_nested,45,71
383-17776test_sleep,13,22
383-305470X0053,39,64
384-12376complex,226,412
384-13282dwp-symlink,15,21
384-14432sleep_example,57,92
384-17633reverse_string,120,193
384-29437tests_generator,151,282
384-8346pdb-realloc,109,175
385-12512kmcashan1,20,31
385-2345214,121,194
385-28034echo_1,72,115
385-9489ex12_15,517,891
386-12150ex5-4,55,91
386-2238exemple_calloc_3,65,105
387-11443main,211,354
387-14056p18,530,872
387-1718p052,224,378
387-17584solution,60,94
387-27087jit-simple-dl,7,9
387-27335xbug,291,510
388-30347initials,102,164
388-6469test_time,40,67
389-18604gcore,120,198
389-19687decl_status_code,38,66
389-20762solution,285,483
389-3355choose_idea6_other1,222,374
389-7792nestedloop3,44,66
390-29714005clock_sync,779,1305
390-32805test_mutex_cond,149,275
390-3599fibonacci,141,245
390-4672bp-cmds-execution-x-script,54,88
391-24817pattern_3,59,95
391-465mystrcpy,100,165
392-11095fast_union_slow_find,308,524
392-20285dirent,82,136
392-32672memcmp,294,509
392-34916heap_sort,426,742
393-24370paths,1129,1874
394-12965pgm8-15,50,84
394-14057gdb11479,82,139
394-20669test_gcov,62,100
395-14510program2,105,171
395-24478test-hello-space,23,36
395-30201step-break,32,52
396-29283maximum_sum_increasing_subsequence,302,489
397-10867dprintf-non-stop,13,24
397-22068hardguy,36,59
397-22626reverse-list,238,418
397-26862malloctest2,332,573
397-3287sizes,60,94
